article_id,author,category,is_read,link,pub_date,title
AKR20260524027200001,"노선웅",POLITICS,0,https://www.yna.co.kr/view/AKR20260524027200001,1779607682000,"오세훈, '재개발 지연' 성동 행당7구역 찾아…""鄭 무능·무책임"""
AKR20260524014651001,"설승은",POLITICS,0,https://www.yna.co.kr/view/AKR20260524014651001,1779607294000,"李대통령, 부처님오신날 법요식 참석…현직 첫 3대 종단 방문(종합)"
AKR20260524033700704,"류재갑",INDUSTRY,0,https://www.yna.co.kr/view/AKR20260524033700704,1779607292000,"[쇼츠] 안창호함, 캐나다 입항…한국 잠수함 첫 태평양 횡단"
AKR20260524032200055,"백도인",POLITICS,0,https://www.yna.co.kr/view/AKR20260524032200055,1779606142000,"김관영 전북지사 후보 ""대통령을 선거에 이용한 바 없다"""
AKR20260524031500704,"류재갑",INDUSTRY,0,https://www.yna.co.kr/view/AKR20260524031500704,1779605821000,"[영상] 도산안창호함, 캐나다 기지 입항…한국 잠수함 첫 태평양 횡단"
AKR20260524031900055,"백도인",POLITICS,0,https://www.yna.co.kr/view/AKR20260524031900055,1779605587000,"이원택 전북지사 후보 ""농어촌 기본소득, 모든 면으로 확대"""
AKR20260524031100051,"이영재",POLITICS,0,https://www.yna.co.kr/view/AKR20260524031100051,1779605399000,"선거 열흘 앞 부처님오신날…후보들 사찰 돌며 '불심 잡기'"
AKR20260524029900001,"최평천",POLITICS,0,https://www.yna.co.kr/view/AKR20260524029900001,1779604626000,"정원오, 동남권 표심 공략…""대형사고, 오세훈 안전불감증 때문"""
AKR20260524030700061,"김솔",SOCIETY,0,https://www.yna.co.kr/view/AKR20260524030700061,1779604600000,"불타고 찢기고 무단 철거도…잇따른 선거 현수막 훼손 '눈살'"
AKR20260524011951053,"박세진",POLITICS,0,https://www.yna.co.kr/view/AKR20260524011951053,1779604163000,"김부겸·추경호, 부처님오신날 어색한 만남 속 불심 잡기 경쟁(종합)"
AKR20260523049851064,"천경환",POLITICS,0,https://www.yna.co.kr/view/AKR20260523049851064,1779603913000,"충북 여야 후보들 '부처님오신날' 맞아 사찰 돌며 유세(종합)"
AKR20260524029000001,"김연정",POLITICS,0,https://www.yna.co.kr/view/AKR20260524029000001,1779603809000,"장동혁, 인천서 '정권심판' 호소…""대통령 죄 지우기 막아야"""
AKR20260524029200054,"박철홍",POLITICS,0,https://www.yna.co.kr/view/AKR20260524029200054,1779603356000,"민형배 선대위, 미래 실무형 발굴 ""성장 엔진은 결국 사람"""
AKR20260524028700052,"박정헌",SOCIETY,0,https://www.yna.co.kr/view/AKR20260524028700052,1779602881000,"김경수 경남지사 후보, '중장년 1인 가구 지원' 공약 발표"
AKR20260524027400052,"박정헌",SOCIETY,0,https://www.yna.co.kr/view/AKR20260524027400052,1779602288000,"지선 경남 유권자 277만5천745명…작년 대선보다 3천269명↑"
AKR20260524013551001,"고동욱",POLITICS,0,https://www.yna.co.kr/view/AKR20260524013551001,1779601770000,"李대통령 ""부처님 말씀 등불로 '국민 목숨 살리는 정부' 최선""(종합)"
AKR20260524026900055,"백도인",POLITICS,0,https://www.yna.co.kr/view/AKR20260524026900055,1779601531000,"부처님오신날 맞아 전북 도지사 후보들 일제히 '불심 잡기'"
AKR20260524025800001,"이슬기",POLITICS,0,https://www.yna.co.kr/view/AKR20260524025800001,1779600964000,"""무소속 안돼"" 鄭, 전남 돌며 표심 구애…""기호 1번 몰아달라"""
AKR20260524026000063,"박주영",POLITICS,0,https://www.yna.co.kr/view/AKR20260524026000063,1779600755000,"허태정 대전시장 후보, 차량 대신 '자전거·발품' 유세"
AKR20260524026100053,"윤관식",POLITICS,0,https://www.yna.co.kr/view/AKR20260524026100053,1779600505000,"대구 수성구 기초의원 선거 현수막 훼손…경찰 수사"
AKR20260524019351001,"최평천",POLITICS,0,https://www.yna.co.kr/view/AKR20260524019351001,1779600181000,"스타벅스 공방가열…與 ""국민분노 대변""·국힘 ""인민재판 보는듯""(종합)"
AKR20260524025700065,"강종구",POLITICS,0,https://www.yna.co.kr/view/AKR20260524025700065,1779600094000,"'불심 잡기'…인천시장 후보들, 사찰 찾아 표심 공략"
AKR20260524025200051,"이영재",POLITICS,0,https://www.yna.co.kr/view/AKR20260524025200051,1779599520000,"박형준 선대위 ""전재수, 의혹 그만 뭉개고 제대로 해명하라"""
AKR20260524024400057,"허광무",POLITICS,0,https://www.yna.co.kr/view/AKR20260524024400057,1779599332000,"""단일화가 시민 열망"" 김두겸 호소에 박맹우 ""왜 이제야 절규?"""
AKR20260524024700057,"김용태",SOCIETY,0,https://www.yna.co.kr/view/AKR20260524024700057,1779598587000,"울산서 선거사무원들이 바다에 빠진 아동 구조 도와"
AKR20260524015951052,"박정헌",SOCIETY,0,https://www.yna.co.kr/view/AKR20260524015951052,1779597766000,"'불심 잡아라'…경남지역 후보들, 부처님오신날 맞춤 유세(종합)"
AKR20260524019700054,"김혜인",POLITICS,0,https://www.yna.co.kr/view/AKR20260524019700054,1779595358000,"[르포] ""끝까지 가봐야 안당께""…강진 오일장 달군 군수 선거전"
AKR20260524023100064,"박재천",SOCIETY,0,https://www.yna.co.kr/view/AKR20260524023100064,1779594932000,"충북교육감 후보들 사찰 돌며 '불심 잡기' 총력전"
AKR20260524020800001,"최평천",POLITICS,0,https://www.yna.co.kr/view/AKR20260524020800001,1779593947000,"진보·보수진영 집안싸움…평택을·부산 북갑 단일화 막판 변수"
AKR20260524021600057,"허광무",POLITICS,0,https://www.yna.co.kr/view/AKR20260524021600057,1779593076000,"민주당 김상욱 ""울산시장 단일화경선 중단""…진보당 ""납득 못해"""
AKR20260524020200053,"윤관식",POLITICS,0,https://www.yna.co.kr/view/AKR20260524020200053,1779592725000,"'추격' 박형룡 vs '압도' 이진숙…달성보선, 주말 민심잡기 총력"
AKR20260524021300061,"최해민",POLITICS,0,https://www.yna.co.kr/view/AKR20260524021300061,1779592438000,"'사찰서 교회까지' 경기도지사 후보들, 종교계 민심잡기 총력"
AKR20260524020000001,"안정훈",POLITICS,0,https://www.yna.co.kr/view/AKR20260524020000001,1779592284000,"여야, ""대립과 반목 넘어야""…석가탄신일에 '화합' 한목소리"
AKR20260524019400001,"안정훈",POLITICS,0,https://www.yna.co.kr/view/AKR20260524019400001,1779591506000,"與 ""김관영, 李대통령과 무소속 출마 교감? 전혀 사실 아냐"""
AKR20260524016351063,"천경환",POLITICS,0,https://www.yna.co.kr/view/AKR20260524016351063,1779591463000,"박근혜, ""대전은요"" 20년만에 대전시장 국힘 후보 이장우 지원(종합)"
AKR20260524019300001,"노선웅",POLITICS,0,https://www.yna.co.kr/view/AKR20260524019300001,1779591140000,"보수야권, 스타벅스 논란에 ""개딸들 선동해 판 뒤집어보려 난리"""
AKR20260524019200063,"이주형",POLITICS,0,https://www.yna.co.kr/view/AKR20260524019200063,1779589897000,"충남지사 후보들, 사찰 찾아 '불심 잡기'…청ㆍ중장년층 공략도"
AKR20260524019100062,"이상학",POLITICS,0,https://www.yna.co.kr/view/AKR20260524019100062,1779588972000,"우상호·김진태 후보, 부처님오신날 사찰 찾아 불심 공략"
AKR20260524017400061,"김광호",POLITICS,0,https://www.yna.co.kr/view/AKR20260524017400061,1779588936000,"평택을 재선거 후보들, 부처님오신날 맞아 사찰 방문 유세"
AKR20260524017200001,"권희원",POLITICS,0,https://www.yna.co.kr/view/AKR20260524017200001,1779588577000,"이회창 前한나라당 총재 부인 한인옥 여사 별세…향년 88세"
AKR20260524018200063,"박주영",POLITICS,0,https://www.yna.co.kr/view/AKR20260524018200063,1779588311000,"대전시장 여야 후보들, 사찰 잇달아 찾아 불심 잡기 총력"
AKR20260522108400051,"김선호",SOCIETY,0,https://www.yna.co.kr/view/AKR20260522108400051,1779588060000,"부산시설공단, 지방선거일 교통약자 대상 두리발 무료 지원"
AKR20260523049800064,"천경환",POLITICS,0,https://www.yna.co.kr/view/AKR20260523049800064,1779587841000,"""표심은 어디로"" 충북 여야 후보들 사찰 돌며 유세 총력"
AKR20260524016700052,"이정훈",POLITICS,0,https://www.yna.co.kr/view/AKR20260524016700052,1779587824000,"김경수 ""사회경제연대 성장"", 박완수 ""농어촌 대도약"" 공약"
AKR20260524017100061,"최종호",SOCIETY,0,https://www.yna.co.kr/view/AKR20260524017100061,1779587769000,"임태희·안민석, 부처님오신날 사찰 돌며 '불심 잡기' 총력전"
AKR20260524017000055,"백도인",INDUSTRY,0,https://www.yna.co.kr/view/AKR20260524017000055,1779587410000,"군산·김제·부안을 무소속 김종회, '3대 농민생존 공약' 발표"
AKR20260524016300063,"박주영",POLITICS,0,https://www.yna.co.kr/view/AKR20260524016300063,1779587194000,"박근혜, ""대전은요"" 20년만에 대전시장 국힘 후보 이장우 지원"
AKR20260524013500001,"고동욱",POLITICS,0,https://www.yna.co.kr/view/AKR20260524013500001,1779586844000,"李대통령 ""부처님 말씀 등불로 '국민 목숨 살리는 정부' 최선"""
AKR20260524015900052,"박정헌",SOCIETY,0,https://www.yna.co.kr/view/AKR20260524015900052,1779586000000,"'불심 잡아라'…경남지사·교육감 후보, 부처님오신날 맞춤 유세"
AKR20260524015000056,"백나용",POLITICS,0,https://www.yna.co.kr/view/AKR20260524015000056,1779584476000,"제주 지방선거 후보들, 석가탄신일 맞아 불심 잡기 '총력'"
AKR20260524014600001,"설승은",POLITICS,0,https://www.yna.co.kr/view/AKR20260524014600001,1779584457000,"李대통령, 부처님오신날 법요식 참석…국민 화합·안녕 기원"
AKR20260522117600051,"차근호",POLITICS,0,https://www.yna.co.kr/view/AKR20260522117600051,1779584402000,"부산 기초단체장 후보 공약 키워드 'AI·관광·해수부·현금'"
AKR20260524013000063,"양영석",INDUSTRY,0,https://www.yna.co.kr/view/AKR20260524013000063,1779583759000,"세종시장 여야 후보, 선거 열흘 앞두고 장애인·농민 표심 공략"
AKR20260524012800001,"고동욱",POLITICS,0,https://www.yna.co.kr/view/AKR20260524012800001,1779582161000,"李대통령 ""일베 등 사이트 폐쇄·징벌배상·과징금 공론화 필요"""
AKR20260524011900053,"박세진",POLITICS,0,https://www.yna.co.kr/view/AKR20260524011900053,1779581910000,"김부겸·추경호, 석가탄신일 대구 사찰 돌며 불심 확보 경쟁"
AKR20260522090300061,"최종호",SOCIETY,0,https://www.yna.co.kr/view/AKR20260522090300061,1779581415000,"경기지역 선거전 과열 양상…'선거법 위반' 고발 잇따라"
AKR20260522127200052,"김선경",SOCIETY,0,https://www.yna.co.kr/view/AKR20260522127200052,1779581101000,"창원 민주주의전당, 6월 체험·강연 프로그램…역사 의미 조명"
AKR20260522105300064,"김형우",SOCIETY,0,https://www.yna.co.kr/view/AKR20260522105300064,1779580803000,"지게 메고, 교복 입고…이색 유세전 펼치는 충북 후보들"
AKR20260522130200052,"박영민",POLITICS,0,https://www.yna.co.kr/view/AKR20260522130200052,1779578100000,"'함안낙화놀이' 인기에 군수 후보들 ""횟수 늘려 관광 콘텐츠화"""
AKR20260522112400056,"고성식",POLITICS,0,https://www.yna.co.kr/view/AKR20260522112400056,1779577206000,"AI시대에도 선거운동은 '현장에서'…지선 후보들 ""튀어야 산다"""
AKR20260522131200054,"형민우",SOCIETY,0,https://www.yna.co.kr/view/AKR20260522131200054,1779577204000,"경선 과열에 대리투표까지…전남선관위 43건 고발"
AKR20260524008500051,"이영재",POLITICS,0,https://www.yna.co.kr/view/AKR20260524008500051,1779577069000,"범어사 찾아 '눈도장'…부산 후보들 사찰 돌며 표심 공략"
AKR20260522094400065,"황정환",SOCIETY,0,https://www.yna.co.kr/view/AKR20260522094400065,1779575221000,"'인천공항 통합' 문제 품은 영종구…첫 구청장 선거 '3파전'"
AKR20260522087200065,"홍현기",POLITICS,0,https://www.yna.co.kr/view/AKR20260522087200065,1779574621000,"인천 지방선거 '과열' 조짐…선거법 위반 수사 40건 넘어"
AKR20260523021900063,"양영석",POLITICS,0,https://www.yna.co.kr/view/AKR20260523021900063,1779573901000,"[르포] ""여당 조상호 돼야 예산 유리"" vs ""최민호가 시정은 잘해왔잖아"""
AKR20260522082000056,"전지혜",INDUSTRY,0,https://www.yna.co.kr/view/AKR20260522082000056,1779570675000,"[공약비교:제주] 미래 성장전략 ""인공지능 대전환"" vs ""제주투자청 설치"""
AKR20260522078500052,"이정훈",POLITICS,0,https://www.yna.co.kr/view/AKR20260522078500052,1779570674000,"[공약비교:경남] ""메가시티·광역철도망"" vs ""복지 확대·행정통합"""
AKR20260522124100055,"임채두",SOCIETY,0,https://www.yna.co.kr/view/AKR20260522124100055,1779570673000,"[공약비교:전북] 5인5색…새만금개발·전북 발전 '동상이몽'"
AKR20260522085000053,"이승형",SOCIETY,0,https://www.yna.co.kr/view/AKR20260522085000053,1779570673000,"[공약비교:경북] ""500만 메가시티 실현"" vs ""글로벌 산업 중심지 육성"""
AKR20260522112200064,"전창해",POLITICS,0,https://www.yna.co.kr/view/AKR20260522112200064,1779570671000,"[공약비교:충북] ""창업특별도 조성"" vs ""AI특별도 완성"""
AKR20260522057400063,"김준범",POLITICS,0,https://www.yna.co.kr/view/AKR20260522057400063,1779570671000,"[공약비교:충남] ""AI수도·통합특별시"" vs ""AI 대전환·경제과학수도"""
AKR20260522113300062,"이재현",SOCIETY,0,https://www.yna.co.kr/view/AKR20260522113300062,1779570670000,"[공약비교:강원] ""청정에너지 고속도로 건설"" vs ""생애 전주기 돌봄시스템 구축"""
AKR20260522106400061,"최찬흥",POLITICS,0,https://www.yna.co.kr/view/AKR20260522106400061,1779570668000,"[공약비교:경기] ""수도권 30분 출근"" vs ""1인당 GRDP 1억원"""
AKR20260522063500063,"양영석",POLITICS,0,https://www.yna.co.kr/view/AKR20260522063500063,1779570668000,"[공약비교:세종] 행정수도 완성 '공통'…KTX세종역 vs CTX지하철"
AKR20260522115800057,"허광무",POLITICS,0,https://www.yna.co.kr/view/AKR20260522115800057,1779570666000,"[공약비교:울산] ""AI 거점 조성"" 한목소리…개별 공약으로 차별화 노려"
AKR20260522108800054,"박철홍",POLITICS,0,https://www.yna.co.kr/view/AKR20260522108800054,1779570665000,"[공약비교:전남광주] ""성장 통합"" vs ""상생 통합"""
AKR20260522078900063,"박주영",POLITICS,0,https://www.yna.co.kr/view/AKR20260522078900063,1779570665000,"[공약비교:대전] ""온통대전 2.0 부활"" vs ""3∼6호선 무궤도 트램"""
AKR20260522041300065,"신민재",POLITICS,0,https://www.yna.co.kr/view/AKR20260522041300065,1779570663000,"[공약비교:인천] 朴 ""신산업 집중 육성"" vs 劉 ""국제자유특별시 전환"""
AKR20260522082300051,"김선호",POLITICS,0,https://www.yna.co.kr/view/AKR20260522082300051,1779570662000,"[공약비교:부산] 田 ""해양수도 완성"" vs 朴 ""월드클래스 도시"""
AKR20260522040700053,"이강일",POLITICS,0,https://www.yna.co.kr/view/AKR20260522040700053,1779570662000,"[공약비교:대구] 통합신공항 ""공자기금·정부지원"" vs ""국가사업 추진"""
AKR20260523044500001,"김정진",POLITICS,0,https://www.yna.co.kr/view/AKR20260523044500001,1779570660000,"[공약비교:서울] ""정비사업 10년 속도전"" vs ""총 31만호 물량공세"""
AKR20260523038500001,"박수윤",POLITICS,0,https://www.yna.co.kr/view/AKR20260523038500001,1779570001000,"지선 D-10…與 8곳·국힘 1곳 '우세' 자체분류 속 경합지 확대"
AKR20260523051600001,"박수윤",POLITICS,0,https://www.yna.co.kr/view/AKR20260523051600001,1779566403000,"장동혁, 오늘 조계사 법요식 참석…인천서 지방선거 유세"
AKR20260523051300001,"서혜림",POLITICS,0,https://www.yna.co.kr/view/AKR20260523051300001,1779566401000,"정청래, 오늘 전남行…순천서 법요식 뒤 광양·담양·함평 유세"
AKR20260523051400001,"박수윤",POLITICS,0,https://www.yna.co.kr/view/AKR20260523051400001,1779544224000,"송언석, '장동혁 원톱 선대위'에 ""당 대표 리스크 남아있다"""
AKR20260523046051055,"임채두",SOCIETY,0,https://www.yna.co.kr/view/AKR20260523046051055,1779542983000,"김관영 선대위 ""이원택·양정무, 방송토론 패널 공유 의혹""(종합)"
AKR20260523032352001,"서혜림",POLITICS,0,https://www.yna.co.kr/view/AKR20260523032352001,1779542835000,"김용남·조국, '盧 前 대통령 추도식'서 미묘한 '적자' 신경전(종합2보)"
AKR20260523048800001,"황윤기",POLITICS,0,https://www.yna.co.kr/view/AKR20260523048800001,1779537856000,"李대통령 ""4·16에 사이렌 이벤트, 패륜행위""…스타벅스 또 직격"
AKR20260523047500001,"황윤기",POLITICS,0,https://www.yna.co.kr/view/AKR20260523047500001,1779534696000,"李대통령 ""내고향여자축구단 우승 축하…다시 만나게 될 것"""
AKR20260523044751051,"오수희",POLITICS,0,https://www.yna.co.kr/view/AKR20260523044751051,1779534166000,"격전지 부산 북갑 후보들, 선거운동 첫 주말 유세 총력전(종합)"
AKR20260523047000054,"정다움",POLITICS,0,https://www.yna.co.kr/view/AKR20260523047000054,1779532760000,"정청래, 순천시장 후보 유세지원 ""대통령 같은 당 손훈모 뽑자"""
AKR20260523046500051,"오수희",POLITICS,0,https://www.yna.co.kr/view/AKR20260523046500051,1779532007000,"지방선거 부산 유권자 285만7천여명…북갑 보선 11만7천여명"
AKR20260523028651001,"박수윤",POLITICS,0,https://www.yna.co.kr/view/AKR20260523028651001,1779529990000,"""정권과 싸울 수 있게 힘 몰아달라""…국힘 투톱 상·하행선 유세(종합)"
AKR20260523046000055,"임채두",SOCIETY,0,https://www.yna.co.kr/view/AKR20260523046000055,1779529789000,"김관영 선대위 ""이원택·양정무, 방송토론 패널 공유 의혹"""
AKR20260523045700001,"황윤기",POLITICS,0,https://www.yna.co.kr/view/AKR20260523045700001,1779529656000,"李대통령, 김해 전통시장서 민생경기 점검…학생들과 '셀카'도"
AKR20260523016451001,"박수윤",POLITICS,0,https://www.yna.co.kr/view/AKR20260523016451001,1779529576000,"오세훈 ""鄭, 철근 괴담으로 불안감 조성…재개발은 기초도 몰라""(종합)"
AKR20260523027951001,"서혜림",POLITICS,0,https://www.yna.co.kr/view/AKR20260523027951001,1779529513000,"정원오 ""삼풍참사 원인도 반토막 철근""…안전문제 앞세워 吳공세(종합)"
AKR20260523045200062,"류호준",POLITICS,0,https://www.yna.co.kr/view/AKR20260523045200062,1779529096000,"강릉시체육회 선거 개입 공방 '격화'…반박하자 재차 의혹 제기"
AKR20260523044800054,"박철홍",POLITICS,0,https://www.yna.co.kr/view/AKR20260523044800054,1779528652000,"배수진 혁신당 광산을 후보 ""프로농구단 유치·AI 페퍼스 잔류"""
AKR20260523044700051,"오수희",POLITICS,0,https://www.yna.co.kr/view/AKR20260523044700051,1779528541000,"격전지 부산 북갑, 하정우·한동훈 같은 시간 200ｍ 맞불 유세"
AKR20260523044600062,"류호준",POLITICS,0,https://www.yna.co.kr/view/AKR20260523044600062,1779528276000,"동해안 표심 공략한 강원지사 후보들…선거운동 첫 주말 '후끈'"
AKR20260523044200065,"천정인",POLITICS,0,https://www.yna.co.kr/view/AKR20260523044200065,1779527655000,"국힘 계양구청장 후보 현수막 무단 철거…경찰 수사"
AKR20260523042200001,"박수윤",INDUSTRY,0,https://www.yna.co.kr/view/AKR20260523042200001,1779526197000,"국힘 ""스타벅스 집단 괴롭힘은 국가폭력""…與 ""일베식 정치행태"""
AKR20260523017151053,"한무선",POLITICS,0,https://www.yna.co.kr/view/AKR20260523017151053,1779525705000,"대구시장 선거 D-11…여야 후보 주말 표심잡기 총력전(종합)"
AKR20260523042100504,"하채림",NORTH_KOREA,0,https://www.yna.co.kr/view/AKR20260523042100504,1779525274000,"'내고향' 목놓아외친 공동응원단…선취점에 ""우리편이 넣었다"""
AKR20260523032351001,"서혜림",POLITICS,0,https://www.yna.co.kr/view/AKR20260523032351001,1779525094000,"김용남·조국, '盧 前 대통령 추도식'서 미묘한 '적자' 신경전(종합)"
AKR20260523040000061,"이영주",SOCIETY,0,https://www.yna.co.kr/view/AKR20260523040000061,1779524261000,"지방선거 공식운동 첫 주말…전국 격전지 '표심 몰이' 후끈"
AKR20260523036951001,"황윤기",POLITICS,0,https://www.yna.co.kr/view/AKR20260523036951001,1779524125000,"李대통령, 文 '경제 회복 노력' 호평에 ""국민 모두 함께 힘모아""(종합)"
AKR20260523033352053,"한무선",POLITICS,0,https://www.yna.co.kr/view/AKR20260523033352053,1779523760000,"돌아온 '선거 여왕' 박근혜, 대구 칠성시장서 추경호 유세 지원(종합2보)"
AKR20260523025351055,"임채두",SOCIETY,0,https://www.yna.co.kr/view/AKR20260523025351055,1779522132000,"노무현 전 대통령 17주기…전북지사 후보들 ""정신 계승"" 다짐(종합)"
AKR20260523038700530,"홍준석",SOCIETY,0,https://www.yna.co.kr/view/AKR20260523038700530,1779521785000,"6·3 지방선거 선거인수 4천464만9천908명…50대 19%로 최다"
AKR20260523036900001,"황윤기",POLITICS,0,https://www.yna.co.kr/view/AKR20260523036900001,1779521738000,"李대통령, 文 前대통령과 盧 前대통령 추모…권양숙 여사 위로"
AKR20260523028151055,"임채두",SOCIETY,0,https://www.yna.co.kr/view/AKR20260523028151055,1779521074000,"민주당 전북도당 ""김관영, 당선무효 가능성에도 출마 강행""(종합)"
AKR20260523038000001,"황윤기",POLITICS,0,https://www.yna.co.kr/view/AKR20260523038000001,1779520815000,"李대통령 ""아파트 관리비 과다 징수는 불법…비정상의 정상화"""
AKR20260523037700064,"천경환",POLITICS,0,https://www.yna.co.kr/view/AKR20260523037700064,1779520271000,"충북 여야, 상대 후보 '선거법 위반 의혹' 두고 논평 공방"
AKR20260523036700001,"서혜림",POLITICS,0,https://www.yna.co.kr/view/AKR20260523036700001,1779520032000,"범여권, '盧 前대통령 서거 17주기' 총집결…지방선거 승리 다짐"
AKR20260523033351053,"한무선",POLITICS,0,https://www.yna.co.kr/view/AKR20260523033351053,1779519974000,"돌아온 '선거 여왕' 박근혜, 대구 칠성시장서 추경호 유세 지원(종합)"
AKR20260523037600064,"박재천",SOCIETY,0,https://www.yna.co.kr/view/AKR20260523037600064,1779519847000,"더 뛰어야 이긴다…충북교육감 후보들 주말 '표밭갈이' 강행군"
AKR20260523035700051,"김재홍",POLITICS,0,https://www.yna.co.kr/view/AKR20260523035700051,1779519498000,"한동훈 ""하정우, 의혹·정치현안 묵묵부답, 왜 출마했나"""
AKR20260523035600054,"정다움",POLITICS,0,https://www.yna.co.kr/view/AKR20260523035600054,1779519141000,"[르포] ""그래도 민주당"" vs ""혁신당 다시한번""…팽팽한 담양 표심"
AKR20260524030900004,"방현덕",NORTH_KOREA,0,https://www.yna.co.kr/view/AKR20260524030900004,1779605087000,"전광훈 ""尹, 다 알려줬는데 계엄 엉뚱한 날에""…영상은 삭제"
AKR20260524018600504,"권수현",INDUSTRY,0,https://www.yna.co.kr/view/AKR20260524018600504,1779590172000,"北, 모내기실적 선전하며 '속도전' 독려 ""작년 비해 1.5배 빨라"""
AKR20260522071100504,"권수현",NORTH_KOREA,0,https://www.yna.co.kr/view/AKR20260522071100504,1779573604000,"北도 '햇빛마을' 조성…인민반·지방농장서 태양광 발전"
AKR20260524006000504,"권수현",NORTH_KOREA,0,https://www.yna.co.kr/view/AKR20260524006000504,1779573602000,"[북한날씨] 전 지역 대체로 맑음"
AKR20260524005700504,"권수현",NORTH_KOREA,0,https://www.yna.co.kr/view/AKR20260524005700504,1779573210000,"北 '내고향' 우승 보도…경기장소 언급없이 ""자랑찬 경기 성과"""
AKR20260523037052007,"배진남",NORTH_KOREA,0,https://www.yna.co.kr/view/AKR20260523037052007,1779527543000,"북한 내고향, 도쿄 꺾고 아시아 여자클럽축구 정상…MVP 김경영(종합2보)"
AKR20260523044000007,"배진남",NORTH_KOREA,0,https://www.yna.co.kr/view/AKR20260523044000007,1779526933000,"우승 놓친 도쿄 감독 ""내고향 정신력, 챔피언 자격 충분"""
AKR20260523043500007,"오명언",NORTH_KOREA,0,https://www.yna.co.kr/view/AKR20260523043500007,1779526489000,"'AWCL 최우수선수' 내고향 김경영 ""세계 대회서도 성과내겠다"""
AKR20260523043600007,"배진남",NORTH_KOREA,0,https://www.yna.co.kr/view/AKR20260523043600007,1779526247000,"아시아 정상 내고향 감독, '북측' 호칭에 우승 기자회견 중단"
AKR20260523038851007,"오명언",NORTH_KOREA,0,https://www.yna.co.kr/view/AKR20260523038851007,1779524507000,"'아시아 女클럽축구 챔피언' 북한 내고향, 인공기 펼치고 환호(종합)"
AKR20260523039500504,"이은정",NORTH_KOREA,0,https://www.yna.co.kr/view/AKR20260523039500504,1779522525000,"[북한단신] 최고인민회의 상임위원회, 총련에 축전"
AKR20260523038800007,"오명언",NORTH_KOREA,0,https://www.yna.co.kr/view/AKR20260523038800007,1779521554000,"'아시아 女클럽축구 챔피언' 북한 내고향, 인공기 펼치고 환호"
AKR20260523037051007,"배진남",NORTH_KOREA,0,https://www.yna.co.kr/view/AKR20260523037051007,1779519937000,"북한 내고향, 도쿄 꺾고 아시아 여자클럽축구 정상…MVP 김경영(종합)"
AKR20260523037000007,"배진남",NORTH_KOREA,0,https://www.yna.co.kr/view/AKR20260523037000007,1779519352000,"북한 내고향, 아시아 여자클럽축구 정상 등극…도쿄에 1-0 승리"
AKR20260522159800546,"한승호",NORTH_KOREA,0,https://www.yna.co.kr/view/AKR20260522159800546,1779487620000,"[글로컬] '슬픈 우승자' 손기정 타고 베를린 간 그 열차"
AKR20260522151300504,"이은정",NORTH_KOREA,0,https://www.yna.co.kr/view/AKR20260522151300504,1779486660000,"""北축구팀 방남으로 남북관계 전환 가능성 크지 않아"""
AKR20260523010200504,"이은정",NORTH_KOREA,0,https://www.yna.co.kr/view/AKR20260523010200504,1779486353000,"[북한날씨] 전 지역 대체로 흐림…밤까지 곳에 따라 비"
AKR20260523010100504,"이은정",NORTH_KOREA,0,https://www.yna.co.kr/view/AKR20260523010100504,1779486331000,"北 ""군국화 추구하는 日에 미래 없어""…헌법 개정 추진 비난"
AKR20260522145200007,"배진남",NORTH_KOREA,0,https://www.yna.co.kr/view/AKR20260522145200007,1779440525000,"결승 앞두고 더 밝아진 내고향, 웃음꽃 피우며 최종 담금질"
AKR20260522137900504,"전명훈",NORTH_KOREA,0,https://www.yna.co.kr/view/AKR20260522137900504,1779438328000,"[게시판] 통일부 청년기자단 '유니콘' 19기 발대식"
AKR20260522133400504,"이은정",NORTH_KOREA,0,https://www.yna.co.kr/view/AKR20260522133400504,1779436913000,"[북한단신] 국립연극단 창립 80돌 기념보고회"
AKR20260522078800007,"배진남",NORTH_KOREA,0,https://www.yna.co.kr/view/AKR20260522078800007,1779421879000,"AWCL 결승 앞둔 내고향 감독 ""거친 경기? 허용 범위 안 최선"""
AKR20260522067900061,"김솔",NORTH_KOREA,0,https://www.yna.co.kr/view/AKR20260522067900061,1779416919000,"북한 내고향, 대망의 AWCL 결승전 하루 앞두고 막바지 맹훈련"
AKR20260522011000085,"김지연",NORTH_KOREA,0,https://www.yna.co.kr/view/AKR20260522011000085,1779401504000,"태영호 ""김정은, 주애 태어나자 혈통주의로…10년간 후계 준비"""
AKR20260522011900504,"권수현",NORTH_KOREA,0,https://www.yna.co.kr/view/AKR20260522011900504,1779399445000,"[북한날씨] 전 지역 가끔 구름 많다가 밤부터 차차 흐려져"
AKR20260521089000504,"김동현",NORTH_KOREA,0,https://www.yna.co.kr/view/AKR20260521089000504,1779397222000,"유엔인권전문가 ""납북자 해결은 평화 선결조건…北에 제기해야"""
AKR20260521158400504,"하채림",NORTH_KOREA,0,https://www.yna.co.kr/view/AKR20260521158400504,1779353808000,"정동영, 美전문가와 간담회…'현실적 북핵 해법' 의견교환"
AKR20260521155200504,"이은정",NORTH_KOREA,0,https://www.yna.co.kr/view/AKR20260521155200504,1779353276000,"[북한단신] 러시아 방문하는 황해남도 대표단 출발"
AKR20260521151900504,"이은정",NORTH_KOREA,0,https://www.yna.co.kr/view/AKR20260521151900504,1779353227000,"北억류 선교사 가족 ""집으로 돌아올 수 있도록""…석방 촉구"
AKR20260521146900054,"정회성",NORTH_KOREA,0,https://www.yna.co.kr/view/AKR20260521146900054,1779349175000,"탈북자 위장 남파 간첩, 출소 후 보안관찰 위반 재판행"
AKR20260521145100504,"이은정",NORTH_KOREA,0,https://www.yna.co.kr/view/AKR20260521145100504,1779348354000,"北 ""무분별한 한미 무력증강에 대칭적 조치 실행 강구"" 위협"
AKR20260521135200083,"정성조",NORTH_KOREA,0,https://www.yna.co.kr/view/AKR20260521135200083,1779346162000,"中대사, 평양 협동농장서 모내기…""중·북 우호 중요한 상징"""
AKR20260521014951504,"하채림",NORTH_KOREA,0,https://www.yna.co.kr/view/AKR20260521014951504,1779330928000,"北, '내고향'팀 승전보 전해…""한국 수원팀 이기고 결승진출""(종합)"
AKR20260521084000007,"안홍석",NORTH_KOREA,0,https://www.yna.co.kr/view/AKR20260521084000007,1779330137000,"내고향 vs 도쿄…아시아 여자축구 챔피언 자리 놓고 23일 격돌"
AKR20260521059900504,"하채림",NORTH_KOREA,0,https://www.yna.co.kr/view/AKR20260521059900504,1779327043000,"정동영, 시진핑 방북설에 ""성사되면 북미회담 당연히 논의될 것"""
AKR20260521017700001,"임형섭",NORTH_KOREA,0,https://www.yna.co.kr/view/AKR20260521017700001,1779315192000,"靑, 시진핑 방북 가능성에 ""동향 주시…中 건설적 역할 기대"""
AKR20260521016400504,"전명훈",NORTH_KOREA,0,https://www.yna.co.kr/view/AKR20260521016400504,1779314232000,"[북한날씨] 전 지역에 비…함경도 일부 최대 80㎜"
AKR20260521014900504,"전명훈",NORTH_KOREA,0,https://www.yna.co.kr/view/AKR20260521014900504,1779313559000,"北, '내고향'팀 승전보 전해…""한국 수원팀 이기고 결승진출"""
AKR20260520195100504,"하채림",NORTH_KOREA,0,https://www.yna.co.kr/view/AKR20260520195100504,1779288700000,"96세 비전향장기수도, 탈북가족도 비바람 속 내고향·수원 연호"
AKR20260520186251007,"오명언",NORTH_KOREA,0,https://www.yna.co.kr/view/AKR20260520186251007,1779278834000,"'PK 실축' 수원FC, 북한 내고향에 1-2 역전패…AWCL 결승행 불발(종합)"
AKR20260520186200007,"오명언",NORTH_KOREA,0,https://www.yna.co.kr/view/AKR20260520186200007,1779278234000,"'PK 실축' 수원FC, 북한 내고향에 1-2 역전패…AWCL 결승행 불발"
AKR20260520162800504,"이은정",NORTH_KOREA,0,https://www.yna.co.kr/view/AKR20260520162800504,1779264195000,"[북한단신] 단천발전소 1단계 준공식"
AKR20260520144851504,"이은정",NORTH_KOREA,0,https://www.yna.co.kr/view/AKR20260520144851504,1779264075000,"통일장관 ""평화적 두 국가론, '北두국가론'과 본질적으로 달라""(종합)"
AKR20260520144800504,"이은정",NORTH_KOREA,0,https://www.yna.co.kr/view/AKR20260520144800504,1779260293000,"통일장관 ""평화적 두 국가론, '北두국가론'과 본질적으로 달라"""
AKR20260520100200504,"하채림",NORTH_KOREA,0,https://www.yna.co.kr/view/AKR20260520100200504,1779252418000,"정동영 ""北축구단 방남, 좋은 선례 남기는 게 목표"""
AKR20260520033851009,"김효정",NORTH_KOREA,0,https://www.yna.co.kr/view/AKR20260520033851009,1779239158000,"""北, 최근 서해 위성발사장서 로켓엔진 연소시험 진행한 듯""(종합)"
AKR20260520033800009,"오수진",NORTH_KOREA,0,https://www.yna.co.kr/view/AKR20260520033800009,1779236394000,"""北, 최근 서해 위성발사장서 로켓엔진 연소시험 진행한 듯"""
AKR20260520039400009,"고일환",NORTH_KOREA,0,https://www.yna.co.kr/view/AKR20260520039400009,1779236240000,"북중 4월 교역량, 8년여만에 최고…""러시아발 전쟁자금 덕분"""
AKR20260520017400504,"권수현",NORTH_KOREA,0,https://www.yna.co.kr/view/AKR20260520017400504,1779229343000,"[북한날씨] 전 지역 대체로 흐림…황해도 등 곳에 따라 비"
AKR20260520016800504,"권수현",NORTH_KOREA,0,https://www.yna.co.kr/view/AKR20260520016800504,1779229005000,"U-17 아시안컵 우승 北여자축구 대표팀 귀국…평양서 카퍼레이드"
AKR20260519151500002,"한지훈",NORTH_KOREA,0,https://www.yna.co.kr/view/AKR20260519151500002,1779226410000,"평양선 1달러에 7만100원, 올들어 80% 뛰어…""통화량 증가 때문"""
AKR20260520007000071,"조준형",NORTH_KOREA,0,https://www.yna.co.kr/view/AKR20260520007000071,1779221304000,"美전문가 ""트럼프, 한반도 골칫거리없는 안정 중시""…""시급성無"""
AKR20260519165751108,"김동호",NORTH_KOREA,0,https://www.yna.co.kr/view/AKR20260519165751108,1779185692000,"러 외무부 ""올해 북한 최선희 외무상 방문 기대"""
AKR20260519165700108,"김동호",NORTH_KOREA,0,https://www.yna.co.kr/view/AKR20260519165700108,1779184563000,"[속보] 러 외무부 ""올해 북한 외무상 방문 기대""<러 매체>"
AKR20260519155300504,"권수현",NORTH_KOREA,0,https://www.yna.co.kr/view/AKR20260519155300504,1779180320000,"[북한단신] 박태성 총리, 불가리아 신임 총리에게 축전"
AKR20260519153100504,"하채림",NORTH_KOREA,0,https://www.yna.co.kr/view/AKR20260519153100504,1779178989000,"""함께 그리는 평화""…제14회 평화통일교육주간 25일 개막"
AKR20260519088651504,"하채림",NORTH_KOREA,0,https://www.yna.co.kr/view/AKR20260519088651504,1779178845000,"통일부 ""'평화적 2국가론'은 李정부 평화공존정책 이행전략""(종합)"
AKR20260519150800007,"배진남",NORTH_KOREA,0,https://www.yna.co.kr/view/AKR20260519150800007,1779177889000,"나이키·아디다스 신은 내고향축구단, 밝은 표정으로 훈련 공개"
AKR20260519040851001,"오규진",NORTH_KOREA,0,https://www.yna.co.kr/view/AKR20260519040851001,1779172779000,"국힘 ""李정부 통일백서 두 국가론은 위헌""…與 ""무지·억지""(종합)"
AKR20260519091100007,"배진남",NORTH_KOREA,0,https://www.yna.co.kr/view/AKR20260519091100007,1779160854000,"북한 내고향 감독 ""경기에만 집중…공동응원 상관할 문제 아냐"""
AKR20260519088600504,"하채림",NORTH_KOREA,0,https://www.yna.co.kr/view/AKR20260519088600504,1779159875000,"통일부 ""'평화적 2국가', 정부전체 입장 아냐…통일부 구상"""
AKR20260519064600009,"현영복",NORTH_KOREA,0,https://www.yna.co.kr/view/AKR20260519064600009,1779154516000,"北, 러시아 드론 기술에 눈독…러 훈련시설에 대표단 방문"
AKR20260519057200005,"이태수",NORTH_KOREA,0,https://www.yna.co.kr/view/AKR20260519057200005,1779154253000,"태진아 ""내 노래처럼 남북이 케이블카로 오가는 날 오길"""
AKR20260519062300062,"류호준",NORTH_KOREA,0,https://www.yna.co.kr/view/AKR20260519062300062,1779153570000,"[강원 고성소식] 납북 귀환 어부 전시 호응…특별법 관심 이어져"
AKR20260519040800001,"박수윤",NORTH_KOREA,0,https://www.yna.co.kr/view/AKR20260519040800001,1779152100000,"국힘, 통일백서 '두 국가론'에 ""명백한 위헌…정동영 경질해야"""
AKR20260519014500504,"전명훈",NORTH_KOREA,0,https://www.yna.co.kr/view/AKR20260519014500504,1779141006000,"[북한날씨] 함경도 5㎜ 안팎 빗방울…황해남도엔 '가뭄경보'"
AKR20260518146000504,"김철선",NORTH_KOREA,0,https://www.yna.co.kr/view/AKR20260518146000504,1779138062000,"작년 MDL 17번 침범한 北, 올해는 잠잠…불모지 작업 마친 듯"
AKR20260518149700061,"김솔",NORTH_KOREA,0,https://www.yna.co.kr/view/AKR20260518149700061,1779095834000,"북한 여자축구 내고향팀, 방한 이틀째 수원서 훈련 이어가"
AKR20260518147300504,"하채림",NORTH_KOREA,0,https://www.yna.co.kr/view/AKR20260518147300504,1779094567000,"남북 축구팀 공동응원단장 ""관계개선돼야 스포츠 脫정치 가능"""
AKR20260518144500504,"권수현",NORTH_KOREA,0,https://www.yna.co.kr/view/AKR20260518144500504,1779093388000,"[북한단신] 평양시, 녹지조성·강하천 정비 등 국토관리사업 진행"
AKR20260518136900083,"정성조",NORTH_KOREA,0,https://www.yna.co.kr/view/AKR20260518136900083,1779091346000,"'미중정상 北비핵화 목표 언급' 美발표에…中 ""정책연속성 유지"""
AKR20260518124200504,"전명훈",NORTH_KOREA,0,https://www.yna.co.kr/view/AKR20260518124200504,1779089262000,"논란의 '평화적 두 국가론', 대북정책 집약 '통일백서'에 등장"
AKR20260518116900504,"김지헌",NORTH_KOREA,0,https://www.yna.co.kr/view/AKR20260518116900504,1779086092000,"한미정상 통화 이어 외교차관 방미…한반도 현안 논의 주목"
AKR20260518040651504,"하채림",NORTH_KOREA,0,https://www.yna.co.kr/view/AKR20260518040651504,1779081606000,"李정부 첫 통일백서 ""통일지향 평화적 두 국가관계로 전환필요""(종합)"
AKR20260518073000073,"조성미",NORTH_KOREA,0,https://www.yna.co.kr/view/AKR20260518073000073,1779071393000,"日매체 ""북한군, 군사분계선 인근서 전술도로 확장"""
AKR20260518066700007,"배진남",NORTH_KOREA,0,https://www.yna.co.kr/view/AKR20260518066700007,1779070240000,"지소연 가세 수원FC, 내고향에 설욕할까…AWCL 결승 길목서 격돌"
AKR20260518067800064,"전창해",NORTH_KOREA,0,https://www.yna.co.kr/view/AKR20260518067800064,1779070057000,"충북도 남북교류협력기금 조례 개정 추진…활용범위 확대"
AKR20260518040600504,"하채림",NORTH_KOREA,0,https://www.yna.co.kr/view/AKR20260518040600504,1779069604000,"'北변화 유도' 대신 '평화공존'으로…李정부 첫 통일백서"
AKR20260518004552504,"전명훈",NORTH_KOREA,0,https://www.yna.co.kr/view/AKR20260518004552504,1779069355000,"北김정은, 전군 지휘관 불러 ""전방부대 강화·남부국경 요새화""(종합)"
AKR20260518007400504,"전명훈",NORTH_KOREA,0,https://www.yna.co.kr/view/AKR20260518007400504,1779054878000,"[북한날씨] 평양도 더운 날…""낮 최고기온 29도"""
AKR20260518004551504,"전명훈",NORTH_KOREA,0,https://www.yna.co.kr/view/AKR20260518004551504,1779054626000,"北김정은, 전군 지휘관들 소집…""남부국경 최전선부대 강화"""
AKR20260518004500504,"전명훈",NORTH_KOREA,0,https://www.yna.co.kr/view/AKR20260518004500504,1779052222000,"[속보] 김정은 전군 사·여단장 회의…""남부국경 최전선부대 강화"""
AKR20260517063000001,"임형섭",NORTH_KOREA,0,https://www.yna.co.kr/view/AKR20260517063000001,1779027306000,"[속보] 李대통령 ""미중정상, 한반도 문제에 건설적 협의 가져"" 평가"
AKR20260517044651061,"이영주",NORTH_KOREA,0,https://www.yna.co.kr/view/AKR20260517044651061,1779009978000,"'12년 만의 방한' 북한 여자축구 내고향팀, 수원 도착후 첫 훈련(종합)"
AKR20260517050900504,"전명훈",NORTH_KOREA,0,https://www.yna.co.kr/view/AKR20260517050900504,1779009192000,"[북한단신] 베트남 주석 특사단, 방북 마치고 귀국"
AKR20260517049300504,"전명훈",NORTH_KOREA,0,https://www.yna.co.kr/view/AKR20260517049300504,1779007133000,"INSS ""미중 정상회담 계기로 한반도 문제서 中 역할 증대"""
AKR20260517039151007,"전명훈",NORTH_KOREA,0,https://www.yna.co.kr/view/AKR20260517039151007,1779005275000,"북한 내고향 입국…안 웃고 앞만 보며 1분여만에 공항 빠져나가(종합2보)"
AKR20260517044600061,"이영주",NORTH_KOREA,0,https://www.yna.co.kr/view/AKR20260517044600061,1779004514000,"북한 내고향 축구단 수원 숙소 도착…곧장 첫 훈련 돌입"
AKR20260522155751030,"이상서",INDUSTRY,0,https://www.yna.co.kr/view/AKR20260522155751030,1779605071000,"'5·18 폄훼 논란' 스벅…정부, '총리 표창' 취소 가능성 검토(종합)"
AKR20260524027000011,"주용진",SOCIETY,0,https://www.yna.co.kr/view/AKR20260524027000011,1779602400000,"[연합뉴스 이 시각 헤드라인] - 15:00"
AKR20260522037400030,"정수연",INDUSTRY,0,https://www.yna.co.kr/view/AKR20260522037400030,1779591604000,"한국소비자원 ""중고폰 판매 '그린테크라이프', 환불 지연 주의"""
AKR20260523019100002,"임지우",ECONOMY,1,https://www.yna.co.kr/view/AKR20260523019100002,1779591602000,"""은행 대출위험 투자 상품으로…SRT증권화로 생산적금융 활성화"""
AKR20260523046100002,"김지연",INDUSTRY,0,https://www.yna.co.kr/view/AKR20260523046100002,1779591602000,"'미토스' 위협 AI로 방어…대형 금융사 망분리 규제 1년간 푼다"
AKR20260524018400004,"전재훈",SOCIETY,0,https://www.yna.co.kr/view/AKR20260524018400004,1779591601000,"""이재명 정부 1년…산재 예방 긍정적이나 노동법 사각지대 여전"""
AKR20260524014100004,"김동규",SOCIETY,0,https://www.yna.co.kr/view/AKR20260524014100004,1779588902000,"서울시, 산업용 AI 기업 '코그나이트' 유치…제조 AI 전환 협력"
AKR20260523044300002,"이도흔",INDUSTRY,0,https://www.yna.co.kr/view/AKR20260523044300002,1779588001000,"현대硏 ""K-뷰티·K-푸드 키워야 수출 연 1조달러 달성"""
AKR20260524015300011,"주용진",SOCIETY,0,https://www.yna.co.kr/view/AKR20260524015300011,1779586200000,"[연합뉴스 이 시각 헤드라인] - 10:30"
AKR20260524008600004,"김동규",SOCIETY,0,https://www.yna.co.kr/view/AKR20260524008600004,1779577464000,"서울대공원 추억의 '리프트' 역사속으로…곤돌라로 바뀐다"
AKR20260523040500030,"홍국기",INDUSTRY,0,https://www.yna.co.kr/view/AKR20260523040500030,1779576900000,"한여름 비켜 간 아이스크림 팝업스토어…지난달 23개 '최다'"
AKR20260523017900030,"한주홍",INDUSTRY,0,https://www.yna.co.kr/view/AKR20260523017900030,1779576001000,"주류 출고량 최근 10년 17% 급감…""무알코올·수출로 돌파구"""
AKR20260522150000008,"김태종",ECONOMY,1,https://www.yna.co.kr/view/AKR20260522150000008,1779574200000,"""같지만 다르다""…'삼전닉스 레버리지' 숨겨진 0.2% 수수료"
AKR20260522165000546,"윤선희",ECONOMY,0,https://www.yna.co.kr/view/AKR20260522165000546,1779574021000,"[머니톡스] ""굴뚝 대신 첨단 당겨?""…죽음의 계곡을 넘는 기업들"
AKR20260521143100003,"김윤구",INDUSTRY,0,https://www.yna.co.kr/view/AKR20260521143100003,1779573900000,"도로 위 10대 중 1대는 하이브리드차…고유가에 인기↑"
AKR20260523021600008,"황철환",ECONOMY,0,https://www.yna.co.kr/view/AKR20260523021600008,1779573617000,"[마켓인사이트] 급반등 성공한 코스피, '8천피' 재도전 나서나"
AKR20260522107600063,"김소연",INDUSTRY,0,https://www.yna.co.kr/view/AKR20260522107600063,1779573608000,"반도체 성장에 물 수요↑…""AI 30분에 생수병 1병 이상 물 사용"""
AKR20260522136800004,"황재하",SOCIETY,0,https://www.yna.co.kr/view/AKR20260522136800004,1779573606000,"공사 불법하도급·대금 부풀리기…서울시 자치구 위법 실태 적발"
AKR20260522144600004,"이미령",SOCIETY,0,https://www.yna.co.kr/view/AKR20260522144600004,1779573606000,"상가 분양 권유하며 ""임대수익 보장""…대법 ""기망행위 아냐"""
AKR20260523021700030,"김세린",INDUSTRY,0,https://www.yna.co.kr/view/AKR20260523021700030,1779573603000,"개농장 82% 폐업 이면의 그늘…'소유권'에 막힌 구조 사각지대"
AKR20260523049900003,"서미숙",INDUSTRY,0,https://www.yna.co.kr/view/AKR20260523049900003,1779572220000,"HUG 올해 보증사고 채권회수액, 대위변제 앞질러…'골든크로스'"
AKR20260523039100003,"오진송",INDUSTRY,0,https://www.yna.co.kr/view/AKR20260523039100003,1779571860000,"'3기 신도시 최대' 광명시흥 16년만 보상평가 완료…내년 착공"
AKR20260522155700030,"이상서",INDUSTRY,0,https://www.yna.co.kr/view/AKR20260522155700030,1779570780000,"정부, 스타벅스 과거 '총리 표창' 취소 검토…""수시 취소 가능"""
AKR20260522143300530,"옥성구",SOCIETY,0,https://www.yna.co.kr/view/AKR20260522143300530,1779570300000,"처벌 없는 과로사…지난 3년 산재승인 663건에도 기소는 '0건'"
AKR20260523017700002,"임지우",INDUSTRY,0,https://www.yna.co.kr/view/AKR20260523017700002,1779570067000,"반도체 호황에…한은 올해 성장 전망 2.0%→2.5∼2.6%로 높일 듯"
AKR20260523045100003,"김보경",ECONOMY,0,https://www.yna.co.kr/view/AKR20260523045100003,1779570065000,"[미국발 고금리] 유가·환율까지 3高에 기업들 비명…양극화 심화 우려도"
AKR20260523041900002,"배영경",ECONOMY,0,https://www.yna.co.kr/view/AKR20260523041900002,1779570064000,"[미국발 고금리] '영끌 가계·한계기업 어쩌나'…금융부담 확대 우려"
AKR20260523037900008,"고은지",ECONOMY,0,https://www.yna.co.kr/view/AKR20260523037900008,1779570064000,"[미국발 고금리] 불안한 '빚투'…질주하는 코스피 '뇌관' 되나"
AKR20260523041400002,"한지훈",ECONOMY,0,https://www.yna.co.kr/view/AKR20260523041400002,1779570063000,"[미국발 고금리] 한은 '매파적' 동결 유력…연내 인상 신호 주목"
AKR20260523049300009,"황정우",ECONOMY,0,https://www.yna.co.kr/view/AKR20260523049300009,1779570062000,"[미국발 고금리] 30년물 국채 연 5.2% 터치…연준 금리인상 전망 확산"
AKR20260522149400002,"박수현",SOCIETY,0,https://www.yna.co.kr/view/AKR20260522149400002,1779569823000,"[코인 사기 덫②] ""상장하면 최소 100배"" 선릉역 찾는 노인들"
AKR20260523039000002,"김지연",ECONOMY,0,https://www.yna.co.kr/view/AKR20260523039000002,1779569700000,"외국인도 국장 ETF 직거래…세제 문제 풀고 제도정비 속도낸다"
AKR20260523037200002,"이대희",ECONOMY,0,https://www.yna.co.kr/view/AKR20260523037200002,1779569581000,"'고용 사다리' 올라탄 30대…첫걸음 못 딛는 청년층"
AKR20260523042300002,"송정은",ECONOMY,0,https://www.yna.co.kr/view/AKR20260523042300002,1779569581000,"실업자 줄었지만 '장기백수'는 38%↑…코로나19 사태 후 최대"
AKR20260523040600002,"배영경",ECONOMY,0,https://www.yna.co.kr/view/AKR20260523040600002,1779569461000,"국민성장펀드 형제격 BDC, 출시 1건 그쳐…세제혜택 하반기 시동"
AKR20260523040800002,"강수련",ECONOMY,0,https://www.yna.co.kr/view/AKR20260523040800002,1779569460000,"국민성장펀드 '서민 목돈'도 몰려…하반기 추가공급 검토 착수"
AKR20260523045800002,"안채원",INDUSTRY,0,https://www.yna.co.kr/view/AKR20260523045800002,1779569342000,"삼전·닉스 등 '톱5' 수출 비중 44%…전체 증가분의 83% 차지"
AKR20260523049100002,"이세원",SOCIETY,0,https://www.yna.co.kr/view/AKR20260523049100002,1779569341000,"942만원 vs 176만원…반도체 호황 속 벌어지는 임금 격차"
AKR20260523041100002,"강류나",INDUSTRY,0,https://www.yna.co.kr/view/AKR20260523041100002,1779569220000,"'환불요구' 스벅 선불충전금…4천200억원 넘어도 규제 사각지대"
AKR20260523050700002,"한지훈",ECONOMY,0,https://www.yna.co.kr/view/AKR20260523050700002,1779569100000,"은행 주담대 고정금리 하단 5% 넘는다…3년 7개월 만에 최고"
AKR20260523033051004,"유한주",SOCIETY,0,https://www.yna.co.kr/view/AKR20260523033051004,1779529268000,"진보단체들, 스타벅스 규탄 집회 ""기업 퇴출로 책임 물어야""(종합)"
AKR20260523040700003,"오진송",INDUSTRY,0,https://www.yna.co.kr/view/AKR20260523040700003,1779523470000,"삼성물산 압구정4구역 시공권 확보…'2.1조' 초대형 재건축 수주"
AKR20260523037500060,"최재훈",SOCIETY,0,https://www.yna.co.kr/view/AKR20260523037500060,1779519788000,"남양주 철마산서 외국인 추정 여성 실종 신고…이틀째 수색"
AKR20260523033000004,"양수연",INDUSTRY,0,https://www.yna.co.kr/view/AKR20260523033000004,1779516452000,"진보 대학생단체, 스타벅스 앞 규탄 회견…""역사모독 응징해야"""
AKR20260523026900073,"조성미",ECONOMY,0,https://www.yna.co.kr/view/AKR20260523026900073,1779504373000,"글로벌 PF 대출 5년새 2배·'100조엔 돌파…'큰손'은 日메가뱅크"
AKR20260523023500530,"차민지",ECONOMY,0,https://www.yna.co.kr/view/AKR20260523023500530,1779501601000,"2차 고유가지원금 신청률, 닷새 만에 76%…1·2차 누적 5조 지급"
AKR20260523022300011,"성재은",ECONOMY,0,https://www.yna.co.kr/view/AKR20260523022300011,1779499800000,"[연합뉴스 이 시각 헤드라인] - 10:30"
AKR20260522136900008,"고은지",ECONOMY,0,https://www.yna.co.kr/view/AKR20260522136900008,1779494401000,"[IPO챗] 조용한 5월 마지막 주…청약 1곳·수요예측 1곳"
AKR20260523012200002,"이세원",ECONOMY,0,https://www.yna.co.kr/view/AKR20260523012200002,1779493030000,"[다음주 경제] 한은 기준금리 결정…성장률 전망 오르나"
AKR20260521142400051,"민영규",ECONOMY,0,https://www.yna.co.kr/view/AKR20260521142400051,1779490810000,"부산 아파트값 보합세…해운대·동래구는 약진"
AKR20260522133700051,"박성제",INDUSTRY,0,https://www.yna.co.kr/view/AKR20260522133700051,1779490806000,"[해수분해] 글로벌 공급망 중심 항만…해외투자로 세계 물류길 넓힌다"
AKR20260522144500008,"고은지",ECONOMY,0,https://www.yna.co.kr/view/AKR20260522144500008,1779490801000,"[머니플로우] 반대매매에 '움찔'…투자자예탁금 감소세 지속"
AKR20260522098100003,"김민지",INDUSTRY,0,https://www.yna.co.kr/view/AKR20260522098100003,1779487261000,"주유소 기름값 8주만에 하락…전국 평균 휘발윳값 2천11원대"
AKR20260522112000030,"구정모",INDUSTRY,0,https://www.yna.co.kr/view/AKR20260522112000030,1779487204000,"[금주핫템] 에스트라 '아토베리어365' 신제품·스노우피크 어패럴 반바지"
AKR20260522048100030,"김세린",INDUSTRY,0,https://www.yna.co.kr/view/AKR20260522048100030,1779487203000,"[신상잇슈] 오뚜기 '칡냉면·쫄냉면'·삼립 하이면 '막국수' 2종"
AKR20260522130700003,"오진송",INDUSTRY,0,https://www.yna.co.kr/view/AKR20260522130700003,1779483601000,"[부동산캘린더] 내주 서울 아크로리버스카이 등 7천8가구 분양"
AKR20260522158000004,"윤민혁",INDUSTRY,0,https://www.yna.co.kr/view/AKR20260522158000004,1779483300000,"검열망 뚫으며 카타르시스…스벅 탱크데이 '기호학적 테러'"
AKR20260523005900072,"김연숙",ECONOMY,0,https://www.yna.co.kr/view/AKR20260523005900072,1779479750000,"국제유가, 미·이란 협상지연 우려에 상승…브렌트유 0.9%↑"
AKR20260523003700072,"이지헌",ECONOMY,0,https://www.yna.co.kr/view/AKR20260523003700072,1779473471000,"'워시의 연준' 트럼프 기대에도 금리인하 단행 어려울듯"
AKR20260523003300002,"경제부",ECONOMY,0,https://www.yna.co.kr/view/AKR20260523003300002,1779471446000,"달러-원, 연준 금리 인상 가능성에 상승폭 약간 확대…1,517.40원 마감"
AKR20260522058453530,"고유선",INDUSTRY,0,https://www.yna.co.kr/view/AKR20260522058453530,1779453823000,"공무원노조도 동참…스타벅스 불매 공직사회 전반 확산(종합3보)"
AKR20260522158300002,"강수련",ECONOMY,0,https://www.yna.co.kr/view/AKR20260522158300002,1779450169000,"국민성장펀드 출시 첫날 한도 87% 소진…은행 10곳 중 7곳 완판"
AKR20260522154751030,"한주홍",INDUSTRY,0,https://www.yna.co.kr/view/AKR20260522154751030,1779449888000,"스타벅스 ""현장 직원 비난 멈춰달라""…전국 매장에 2차 사과문(종합)"
AKR20260522154700030,"김세린",INDUSTRY,0,https://www.yna.co.kr/view/AKR20260522154700030,1779447145000,"스타벅스 ""현장 직원 비난 멈춰달라""…전국 매장에 2차 사과문"
AKR20260522151700002,"강수련",ECONOMY,0,https://www.yna.co.kr/view/AKR20260522151700002,1779446816000,"DB손보, 미국 보험사 포테그라 인수 마무리 단계…국내 최초"
AKR20260522035452003,"서미숙",INDUSTRY,0,https://www.yna.co.kr/view/AKR20260522035452003,1779442761000,"비아파트 공급 대폭 확대…""규제지역 매입임대 무제한으로 산다""(종합2보)"
AKR20260522141501054,"장덕종",ECONOMY,0,https://www.yna.co.kr/view/AKR20260522141501054,1779442161000,"전남광주 통합특별시 1금고 첫 운영기관 '농협은행'(종합)"
AKR20260522147300008,"증권부",ECONOMY,0,https://www.yna.co.kr/view/AKR20260522147300008,1779441776000,"아모텍, 350억원 주주배정 유상증자 결정"
AKR20260522042652008,"이민영",ECONOMY,0,https://www.yna.co.kr/view/AKR20260522042652008,1779441745000,"[특징주] 美정부, 양자컴퓨팅 기업 지분투자에 관련株 급등(종합2보)"
AKR20260522144200008,"황철환",ECONOMY,0,https://www.yna.co.kr/view/AKR20260522144200008,1779441717000,"李대통령 ""경제 대도약 위해 자본시장 글로벌 경쟁력 플랫폼으로 키울것"""
AKR20260522146000504,"김지헌",INDUSTRY,0,https://www.yna.co.kr/view/AKR20260522146000504,1779440848000,"외교부 ""아프리카, 잠재적 원유 생산·수출 역량…협력 모색"""
AKR20260522135700011,"한미희",ECONOMY,0,https://www.yna.co.kr/view/AKR20260522135700011,1779440400000,"[연합뉴스 이 시각 헤드라인] - 18:00"
AKR20260522141500054,"장덕종",ECONOMY,0,https://www.yna.co.kr/view/AKR20260522141500054,1779439583000,"전남광주통합시 1금고 첫 운영기관 '농협은행'"
AKR20260522140100008,"이민영",ECONOMY,0,https://www.yna.co.kr/view/AKR20260522140100008,1779439544000,"'삼전·닉스 단일종목 레버리지·인버스' 18종 27일 상장"
AKR20260522141800008,"증권부",ECONOMY,0,https://www.yna.co.kr/view/AKR20260522141800008,1779439255000,"티이엠씨 ""에이텍솔루션 주식 350억원어치 취득…지분율 31.2%"""
AKR20260522140200008,"증권부",ECONOMY,0,https://www.yna.co.kr/view/AKR20260522140200008,1779439225000,"오에스피, 10억원 제3자배정 유상증자"
AKR20260522140600371,"강성철",INDUSTRY,0,https://www.yna.co.kr/view/AKR20260522140600371,1779439159000,"[동포의 창] 미주한상총연, 8월 라스베이거스서 '미주 한상대회'"
AKR20260522138300008,"황철환",ECONOMY,0,https://www.yna.co.kr/view/AKR20260522138300008,1779438838000,"삼성전기, LG엔솔 제치고 시총 5위…급등장에 시총 '대전'"
AKR20260522137600063,"김소연",ECONOMY,0,https://www.yna.co.kr/view/AKR20260522137600063,1779438703000,"젠틀몬스터, 블루엘리펀트 파우치 디자인등록 무효심판 승소"
AKR20260521168851030,"구정모",INDUSTRY,0,https://www.yna.co.kr/view/AKR20260521168851030,1779438694000,"소상공단체, 쿠팡이츠 한시 무료배달 확대에 ""수수료 노예 전락""(종합)"
AKR20260522128151008,"고은지",ECONOMY,0,https://www.yna.co.kr/view/AKR20260522128151008,1779438512000,"국고채 금리, 외인 순매수에 동반 하락…3년물 연 3.736%(종합)"
AKR20260522058452530,"홍준석",INDUSTRY,0,https://www.yna.co.kr/view/AKR20260522058452530,1779438296000,"공무원노조도 동참…스타벅스 불매 공직사회 전반 확산(종합2보)"
AKR20260522136500052,"김선경",ECONOMY,0,https://www.yna.co.kr/view/AKR20260522136500052,1779438068000,"BNK경남은행, 창립 56주년 기념식…""고객 가치 최우선"""
AKR20260522134500017,"신선미",INDUSTRY,0,https://www.yna.co.kr/view/AKR20260522134500017,1779437741000,"릴리 창립 150년…""AI도입·파트너십 확대로 혁신 지속"""
AKR20260522130000008,"김유향",ECONOMY,0,https://www.yna.co.kr/view/AKR20260522130000008,1779437322000,"코스피200 DB하이텍 포함되고, GS건설 빠진다…4개종목 맞교체"
AKR20260522129200002,"이도흔",ECONOMY,0,https://www.yna.co.kr/view/AKR20260522129200002,1779437123000,"인터넷은행 3사, 1분기 중·저신용자 신용대출 목표치 넘겨"
AKR20260522127800003,"오진송",ECONOMY,0,https://www.yna.co.kr/view/AKR20260522127800003,1779436922000,"[게시판] 한국부동산경영학회 23일 '부동산 산업 대전환' 학술세미나"
AKR20260522122700003,"홍규빈",ECONOMY,0,https://www.yna.co.kr/view/AKR20260522122700003,1779436848000,"경총 손경식, ILO 사무총장 만나 ""성과급 요구 확산 우려"""
AKR20260522067800030,"한주홍",INDUSTRY,0,https://www.yna.co.kr/view/AKR20260522067800030,1779436801000,"농식품부, 식자재마트서 양파 '1+1' 행사…출하 정지·수출 병행"
AKR20260522126200008,"이민영",ECONOMY,0,https://www.yna.co.kr/view/AKR20260522126200008,1779435981000,"다올증권 ""최근 코스피 수급, 대만과 유사…'1만피' 가능"""
AKR20260522121100003,"임기창",ECONOMY,0,https://www.yna.co.kr/view/AKR20260522121100003,1779435916000,"대우건설도 성수4지구 입찰보증금 완납…'2파전' 재개"
AKR20260522057951030,"김수현",INDUSTRY,0,https://www.yna.co.kr/view/AKR20260522057951030,1779435712000,"소비자단체협의회 ""스타벅스, 충전액 조건 없이 전액 환불해야""(종합)"
AKR20260522128100008,"증권부",ECONOMY,0,https://www.yna.co.kr/view/AKR20260522128100008,1779435666000,"국고채 금리 일제히 하락…3년물 연 3.736%"
AKR20260522121300008,"김유아",ECONOMY,0,https://www.yna.co.kr/view/AKR20260522121300008,1779435631000,"코스피, 0.41% 오른 7,847로 마감…코스닥 4.99% 급등(종합)"
AKR20260522064351008,"황철환",ECONOMY,0,https://www.yna.co.kr/view/AKR20260522064351008,1779434522000,"첫날 '완판' 국민성장펀드 기대감? 코스닥 날았다(종합)"
AKR20260522112951002,"한지훈",ECONOMY,0,https://www.yna.co.kr/view/AKR20260522112951002,1779433673000,"환율, 장중 1,520원 근접…당국 ""필요시 단호 조치""(종합)"
AKR20260522035051008,"황철환",ECONOMY,0,https://www.yna.co.kr/view/AKR20260522035051008,1779433518000,"[특징주] 삼전, 숨고르기…'30만전자' 터치후 2% 하락마감(종합)"
AKR20260522118000002,"임지우",ECONOMY,0,https://www.yna.co.kr/view/AKR20260522118000002,1779433440000,"외환당국, 환율 구두개입…""필요시 단호 조치"""
AKR20260522052900003,"조성흠",INDUSTRY,0,https://www.yna.co.kr/view/AKR20260522052900003,1779433205000,"대한상의-한국남부발전, 탄소중립 이행·에너지전환 촉진 '맞손'"
AKR20260522114700003,"오진송",ECONOMY,0,https://www.yna.co.kr/view/AKR20260522114700003,1779432705000,"주택관리사협회 ""관리비 개선 취지 공감…업계 매도 우려"""
AKR20260522113600003,"임기창",ECONOMY,0,https://www.yna.co.kr/view/AKR20260522113600003,1779432609000,"[동정] 김이탁 국토1차관, 2기 '안심전세 꼼꼼이' 위촉장 수여"
AKR20260522112900002,"김수현",ECONOMY,0,https://www.yna.co.kr/view/AKR20260522112900002,1779432543000,"환율, 엔화 약세·유가 상승에 장중 1,520원 근접…한 달 반만에 최고"
AKR20260522044051002,"임지우",ECONOMY,0,https://www.yna.co.kr/view/AKR20260522044051002,1779432300000,"국민참여성장펀드 가입 열기…주요 은행·증권사 물량 첫날 매진(종합)"
AKR20260522111500062,"임보연",INDUSTRY,0,https://www.yna.co.kr/view/AKR20260522111500062,1779432200000,"원주시, '찾아가는 산업단지 구인구직 해피데이' 성료"
AKR20260522040151008,"김유향",INDUSTRY,0,https://www.yna.co.kr/view/AKR20260522040151008,1779432030000,"[특징주] 알루미늄 관련주, '중동발 생산차질'에 강세…삼아알미늄 16%↑(종합)"
AKR20260522110600008,"김유아",ECONOMY,0,https://www.yna.co.kr/view/AKR20260522110600008,1779431963000,"코스피, 0.41% 오른 7,847로 마감…코스닥 4.99% 급등"
AKR20260522111000002,"경제부",ECONOMY,0,https://www.yna.co.kr/view/AKR20260522111000002,1779431720000,"외국환시세(5월22일·마감가)"
AKR20260522109700002,"경제부",ECONOMY,0,https://www.yna.co.kr/view/AKR20260522109700002,1779431445000,"[외환] 원/달러 환율 11.1원 오른 1,517.2원(15:30 종가)"
AKR20260522108300051,"민영규",ECONOMY,0,https://www.yna.co.kr/view/AKR20260522108300051,1779431348000,"부산은행, 국민참여성장펀드 100억원 판매 첫날 완판"
AKR20260522108000003,"임성호",ECONOMY,0,https://www.yna.co.kr/view/AKR20260522108000003,1779431031000,"최태원, 유엔개발계획 총재 면담…개발협력 민간역할 확대 논의"
AKR20260522106000008,"이민영",ECONOMY,0,https://www.yna.co.kr/view/AKR20260522106000008,1779430480000,"[부고] 박경대(한화투자증권 커뮤니케이션팀장)씨 부친상"
AKR20260522105800053,"한무선",ECONOMY,0,https://www.yna.co.kr/view/AKR20260522105800053,1779430428000,"iM뱅크, 김창준한미연구원과 '지역기업 미국 진출 지원' 협약"
AKR20260522105000008,"증권부",ECONOMY,0,https://www.yna.co.kr/view/AKR20260522105000008,1779430349000,"지구홀딩스 ""탠덤스튜디오 주식 16억원어치 취득…지분율 5%"""
AKR20260522104600008,"고은지",ECONOMY,0,https://www.yna.co.kr/view/AKR20260522104600008,1779430032000,"'스페이스X의 힘?' 미래운용 美우주테크 ETF 순자산 1조원 넘어"
AKR20260522099100062,"이상학",ECONOMY,0,https://www.yna.co.kr/view/AKR20260522099100062,1779429900000,"강원 소비심리지수 큰 폭 반등…경기전망 회복세 기대"
AKR20260522063651002,"한주홍",ECONOMY,0,https://www.yna.co.kr/view/AKR20260522063651002,1779429881000,"농가소득 5천467만원 '역대 최대'…어가소득은 김값 하락에 감소(종합)"
AKR20260522101600003,"오진송",ECONOMY,0,https://www.yna.co.kr/view/AKR20260522101600003,1779429685000,"29일부터 토지거래허가 주택거래시 실거주 의무 유예 확대"
AKR20260522035500030,"이상서",ECONOMY,0,https://www.yna.co.kr/view/AKR20260522035500030,1779429605000,"중기중앙회, 中企 정보보안 세미나 개최…""해킹 대응 역량 강화"""
AKR20260524032900017,"김주환",INDUSTRY,0,https://www.yna.co.kr/view/AKR20260524032900017,1779606552000,"스타크래프트 대회 나타난 이세돌…""오랜 스타리그 팬"""
AKR20260524029400017,"김주환",INDUSTRY,0,https://www.yna.co.kr/view/AKR20260524029400017,1779603492000,"[가보니] 식지 않은 스타크래프트 인기…ASL 21 결승전 '후끈'"
AKR20260522136100063,"김준호",SOCIETY,0,https://www.yna.co.kr/view/AKR20260522136100063,1779591604000,"""AI와 먼저 상담""…정신과 초진 면담 지원 기술 나왔다"
AKR20260524014400004,"김동규",SOCIETY,0,https://www.yna.co.kr/view/AKR20260524014400004,1779588900000,"서울시, 정보화사업 21단계 절차 안내하는 AI비서 '잇비' 도입"
AKR20260524012200003,"강태우",INDUSTRY,0,https://www.yna.co.kr/view/AKR20260524012200003,1779584401000,"삼성전자로지텍, 상업용 시스템에어컨 세척 프로모션"
AKR20260524013100003,"강태우",SOCIETY,0,https://www.yna.co.kr/view/AKR20260524013100003,1779584400000,"LG, 다문화 청소년 '중등 몰입캠프'…글로벌 인재 육성"
AKR20260524015100371,"정아란",SOCIETY,0,https://www.yna.co.kr/view/AKR20260524015100371,1779583667000,"초록우산-로날드맥도날드하우스, '중증 환아 쉼터' 운영 협력"
AKR20260524014800003,"홍규빈",INDUSTRY,0,https://www.yna.co.kr/view/AKR20260524014800003,1779583591000,"현대차, 칸영화제 초청작 '호프'에 클래식 모델 스텔라 후원"
AKR20260523030000017,"박상현",INDUSTRY,0,https://www.yna.co.kr/view/AKR20260523030000017,1779582601000,"[AI위클리] '피지컬 AI 시대' 임박…국가 차원 보안대책 요구도"
AKR20260524011800030,"조민정",INDUSTRY,0,https://www.yna.co.kr/view/AKR20260524011800030,1779580992000,"배민, 전국소년체전서 무료 푸드트럭 '응원도시락' 운영"
AKR20260524012000062,"유형재",INDUSTRY,0,https://www.yna.co.kr/view/AKR20260524012000062,1779580851000,"강원도립대 제빵과 학생 8명, 국제경연대회 전원 금상 수상"
AKR20260522123100060,"김도윤",SOCIETY,0,https://www.yna.co.kr/view/AKR20260522123100060,1779580805000,"국립수목원, 민통선에 '북한식물전시원' 조성"
AKR20260521160800051,"민영규",INDUSTRY,0,https://www.yna.co.kr/view/AKR20260521160800051,1779580803000,"부산 콘텐츠 기업, 제작·재투자 분야 선정"
AKR20260524011300030,"조민정",INDUSTRY,0,https://www.yna.co.kr/view/AKR20260524011300030,1779580253000,"한국 코카콜라, 청소년 40명에게 장학금 1억2천만원 수여"
AKR20260524011100030,"조민정",INDUSTRY,0,https://www.yna.co.kr/view/AKR20260524011100030,1779579816000,"롯데칠성음료, 남이섬 뮤직페스티벌서 '핫식스 글로우' 체험행사"
AKR20260522110000057,"장지현",SOCIETY,0,https://www.yna.co.kr/view/AKR20260522110000057,1779579060000,"울산 고령자 바우처 택시 연령 완화하자…이용 건수 4.5배 ↑"
AKR20260522056900051,"김재홍",SOCIETY,0,https://www.yna.co.kr/view/AKR20260522056900051,1779578823000,"하반신 마비 환자 방치해 전치 4개월 화상…물리치료사 집행유예"
AKR20260523035800030,"정수연",INDUSTRY,0,https://www.yna.co.kr/view/AKR20260523035800030,1779575190000,"온라인 매출 비중 60% 벽 넘었다…유통시장 구조 개편 본격화"
AKR20260522110200017,"박형빈",INDUSTRY,0,https://www.yna.co.kr/view/AKR20260522110200017,1779574380000,"[AI픽] AI 시대 새 격전지 된 스마트글래스…삼성도 출사표"
AKR20260523010600030,"조민정",SOCIETY,0,https://www.yna.co.kr/view/AKR20260523010600030,1779573301000,"벌써 '여름 모드' 켠 유통가…여름 가전·먹거리 '조기 등판'"
AKR20260523042900017,"오지은",SOCIETY,0,https://www.yna.co.kr/view/AKR20260523042900017,1779571984000,"[만나보니] 구글에 지도 반출 끝이 아니다…""공간 AI 주권 경쟁 시작"""
AKR20260523027600030,"구정모",INDUSTRY,0,https://www.yna.co.kr/view/AKR20260523027600030,1779571861000,"""항공료 비싸 국내로""…여행업계, '체류·프리미엄'으로 차별화"
AKR20260523052200017,"조승한",INDUSTRY,0,https://www.yna.co.kr/view/AKR20260523052200017,1779571620000,"경기도 방사선발생장치 생산기업서 피폭 의심 사건…조사 착수"
AKR20260522125000530,"차민지",SOCIETY,0,https://www.yna.co.kr/view/AKR20260522125000530,1779570901000,"개인정보위, 국장급 인선 대부분 완료…'예방중심 체계' 속도"
AKR20260523025400003,"장보인",INDUSTRY,0,https://www.yna.co.kr/view/AKR20260523025400003,1779570900000,"4월 중동산 원유 수입 작년보다 37%↓…미국산, 1위 턱밑 추격"
AKR20260522142800017,"권하영",INDUSTRY,0,https://www.yna.co.kr/view/AKR20260522142800017,1779570781000,"[들어보니] 해킹보다 무섭다…AI 허위정보 시대 경고"
AKR20260522147900003,"김민지",INDUSTRY,0,https://www.yna.co.kr/view/AKR20260522147900003,1779569730000,"삼전닉스 '영업익 N% 성과급'…빅테크·경쟁사엔 없는 제도"
AKR20260523026000003,"김민지",INDUSTRY,0,https://www.yna.co.kr/view/AKR20260523026000003,1779569720000,"삼전닉스 수십조 성과급 줄때 마이크론 38조·TSMC 85조 투자"
AKR20260522134200004,"정지수",SOCIETY,0,https://www.yna.co.kr/view/AKR20260522134200004,1779569701000,"직장인 부업으로 번지는 '사이버 포주'…매뉴얼까지 판매 중"
AKR20260523046600003,"조성흠",SOCIETY,0,https://www.yna.co.kr/view/AKR20260523046600003,1779531602000,"삼성노사 잠정합의안 투표율 80%…일부 주주 ""합의 무효"""
AKR20260523040400056,"고성식",INDUSTRY,0,https://www.yna.co.kr/view/AKR20260523040400056,1779522687000,"제주도, 세계동물보건기구 구제역 백신접종 청정지역 재인증"
AKR20260523038400051,"김재홍",INDUSTRY,0,https://www.yna.co.kr/view/AKR20260523038400051,1779520817000,"호르무즈 봉쇄 후 다섯번째 한국 유조선 홍해 통과"
AKR20260523037400030,"홍국기",SOCIETY,0,https://www.yna.co.kr/view/AKR20260523037400030,1779520162000,"검역본부, WOAH 항생제내성협력센터 획득…내년 수의관포럼 개최"
AKR20260523029400017,"김주환",INDUSTRY,0,https://www.yna.co.kr/view/AKR20260523029400017,1779512320000,"여의도서 피크민 블룸 행사…제작진 ""한강 매력 보여주고 싶어"""
AKR20260522077400017,"김주환",INDUSTRY,0,https://www.yna.co.kr/view/AKR20260522077400017,1779501601000,"[게임위드인] K게임 새 먹거리 된 스팀·콘솔 시장"
AKR20260522141700017,"조승한",INDUSTRY,0,https://www.yna.co.kr/view/AKR20260522141700017,1779501601000,"원자력통제기술원, IAEA와 국제 핵비확산 교육 개최"
AKR20260521153000017,"한상용",INDUSTRY,0,https://www.yna.co.kr/view/AKR20260521153000017,1779499801000,"[테크톡노트] 개발자 축제 된 구글 I/O…AI 미래 한눈에"
AKR20260522089200371,"김희선",INDUSTRY,0,https://www.yna.co.kr/view/AKR20260522089200371,1779498004000,"[K-VIBE] 임기범의 AI혁신 스토리…AI가 쓴 논문보다 무서운 것-②"
AKR20260522055600051,"김재홍",INDUSTRY,0,https://www.yna.co.kr/view/AKR20260522055600051,1779494640000,"""물 섞은 휘발유 판다"" 1인시위로 주유소 업무방해 60대 벌금형"
AKR20260522080600051,"김상현",INDUSTRY,0,https://www.yna.co.kr/view/AKR20260522080600051,1779492721000,"부산 국립해양박물관, 29∼30일 '바다 놀이터' 운영"
AKR20260522158200017,"박상현",INDUSTRY,0,https://www.yna.co.kr/view/AKR20260522158200017,1779492600000,"[바이오사이언스] 위고비 독주 흔들까…K바이오 비만약 총공세"
AKR20260522119200052,"박영민",INDUSTRY,0,https://www.yna.co.kr/view/AKR20260522119200052,1779491520000,"의령군, 25일부터 버스 노선 개편…마을버스 막차 2시간 연장"
AKR20260522096300060,"심민규",INDUSTRY,0,https://www.yna.co.kr/view/AKR20260522096300060,1779487387000,"고양 저유소 상공서 미확인 드론 발견…""무단 비행 시 처벌"""
AKR20260521093100030,"정수연",INDUSTRY,0,https://www.yna.co.kr/view/AKR20260521093100030,1779487202000,"[이번주뭘살까] 여름대비 패션·가전 수요 잡아라…할인전 풍성"
AKR20260521040300017,"심재훈",INDUSTRY,0,https://www.yna.co.kr/view/AKR20260521040300017,1779485580000,"[AI돋보기] ""위험해서 공개 못한다""…스스로 빗장 거는 빅테크"
AKR20260522077000017,"이주영",INDUSTRY,0,https://www.yna.co.kr/view/AKR20260522077000017,1779483600000,"[사이테크+] ""지난 60년간 벼논 온실가스 배출 2배 증가…메탄 배출 급증"""
AKR20260522135800051,"박성제",INDUSTRY,0,https://www.yna.co.kr/view/AKR20260522135800051,1779454800000,"자율운항선박 비강제 국제기준 IMO 채택…국제 표준화 마련"
AKR20260522162200063,"정윤덕",INDUSTRY,0,https://www.yna.co.kr/view/AKR20260522162200063,1779453422000,"태안 국제원예치유박람회 근로자들 퇴근차량 사고…7명 중경상"
AKR20260522160800004,"전재훈",INDUSTRY,0,https://www.yna.co.kr/view/AKR20260522160800004,1779452245000,"CJ그룹 여직원 330명 개인정보, 텔레그램서 가상화폐로 팔려"
AKR20260522045052003,"강태우",INDUSTRY,0,https://www.yna.co.kr/view/AKR20260522045052003,1779451616000,"삼전 노사합의안 노조 투표율 첫날 66% 넘겨…찬반 양측 결집(종합2보)"
AKR20260522121600003,"장보인",INDUSTRY,0,https://www.yna.co.kr/view/AKR20260522121600003,1779444001000,"통상본부장, APEC 통상장관회의 참석…위기 속 협력 강조"
AKR20260522138500003,"김민지",INDUSTRY,0,https://www.yna.co.kr/view/AKR20260522138500003,1779443232000,"㈜LG, 3천500억원 규모 자사주 전량 소각"
AKR20260522149300017,"박상현",INDUSTRY,0,https://www.yna.co.kr/view/AKR20260522149300017,1779442257000,"삼성바이오 노사정 대화 재개…노조 ""교섭방식 논의"""
AKR20260522140300003,"강태우",INDUSTRY,0,https://www.yna.co.kr/view/AKR20260522140300003,1779439724000,"롯데에너지머티, 자회사 롯데에코월 매각…1천708억원 규모"
AKR20260522140800053,"김용민",INDUSTRY,0,https://www.yna.co.kr/view/AKR20260522140800053,1779439634000,"DGT모빌리티, 브이성형외과·브이라이프와 의료복지 제휴 협약"
AKR20260522139600003,"조성흠",INDUSTRY,0,https://www.yna.co.kr/view/AKR20260522139600003,1779439595000,"""5년차 6억인데 20년차가 2억""…깊어지는 삼성전자 노노갈등"
AKR20260522141100062,"이재현",INDUSTRY,0,https://www.yna.co.kr/view/AKR20260522141100062,1779439268000,"김진태 강원지사 후보 ""반값 농자재 지원 2배 확대"""
AKR20260522139500017,"조승한",INDUSTRY,0,https://www.yna.co.kr/view/AKR20260522139500017,1779439018000,"[동정] 구혁채 과기정통부 1차관, 주한 싱가포르 대사 면담"
AKR20260522119000051,"김재홍",INDUSTRY,0,https://www.yna.co.kr/view/AKR20260522119000051,1779438753000,"법원 ""전화 상대방 동의없는 '자녀용 앱' 통화녹음은 위법"""
AKR20260522133200062,"이재현",INDUSTRY,0,https://www.yna.co.kr/view/AKR20260522133200062,1779438500000,"강원도, 농가소득 5천671만원…5년 연속 전국 3위"
AKR20260522054851054,"박철홍",INDUSTRY,0,https://www.yna.co.kr/view/AKR20260522054851054,1779437830000,"임문영 광산을 후보 ""AI 생활안전 도시 만들겠다""(종합)"
AKR20260522129100003,"임성호",INDUSTRY,0,https://www.yna.co.kr/view/AKR20260522129100003,1779437063000,"이재용, 대만서 미디어텍 최고경영자와 반도체 협력 논의"
AKR20260522127600017,"권하영",INDUSTRY,0,https://www.yna.co.kr/view/AKR20260522127600017,1779437026000,"[AI픽] 코딩 없이 AI 에이전트 개발…GS네오텍 '미소' 공개"
AKR20260522129000003,"장보인",INDUSTRY,0,https://www.yna.co.kr/view/AKR20260522129000003,1779436948000,"[인사] 산업통상부"
AKR20260522129900004,"이동환",INDUSTRY,0,https://www.yna.co.kr/view/AKR20260522129900004,1779436347000,"경찰, '5·18은 北지령' AI가짜기사 작성자 추적…""무관용 수사"""
AKR20260522109400063,"김소연",INDUSTRY,0,https://www.yna.co.kr/view/AKR20260522109400063,1779435609000,"'4족 보행로봇' 활용 어디까지…수도시설 현장 관리에도 투입"
AKR20260522120100063,"김소연",INDUSTRY,0,https://www.yna.co.kr/view/AKR20260522120100063,1779435371000,"'AI 드론', 범인 붙잡는데도 쓰이네…세종서 사기 수배자 검거"
AKR20260522122800017,"김주환",INDUSTRY,0,https://www.yna.co.kr/view/AKR20260522122800017,1779434429000,"넷마블, '솔: 인챈트' 6월 18일 출시 확정"
AKR20260522119900017,"유현민",INDUSTRY,0,https://www.yna.co.kr/view/AKR20260522119900017,1779434133000,"방미통위, 홈쇼핑 규제완화 추진…""진흥업무 이관후 처음"""
AKR20260522118200505,"김종환",INDUSTRY,0,https://www.yna.co.kr/view/AKR20260522118200505,1779433358000,"[부고] 이상우(누리플랜그룹 회장)씨 장모상"
AKR20260524034500527,"기상뉴스",SOCIETY,0,https://www.yna.co.kr/view/AKR20260524034500527,1779607664000,"인천 영종·영흥권 2개 군구 오존주의보 발령"
AKR20260524030200527,"기상뉴스",SOCIETY,0,https://www.yna.co.kr/view/AKR20260524030200527,1779604120000,"경기 중부권 11개 시 오존주의보 발령"
AKR20260524028800063,"박주영",SOCIETY,0,https://www.yna.co.kr/view/AKR20260524028800063,1779602904000,"서천서 오토바이 배수로로 추락…70대 운전자 심정지"
AKR20260524014751063,"박주영",SOCIETY,0,https://www.yna.co.kr/view/AKR20260524014751063,1779601900000,"서산 자동차 부품공장서 불…6시간째 진화작업(종합)"
AKR20260524024500004,"이승연",SOCIETY,0,https://www.yna.co.kr/view/AKR20260524024500004,1779598780000,"'5·18 탱크데이' 여파…법원에 스타벅스 선불금 지급명령 신청"
AKR20260524023700053,"윤관식",SOCIETY,0,https://www.yna.co.kr/view/AKR20260524023700053,1779596034000,"부처님오신날 사찰 찾은 차량 계곡으로 추락…2명 부상"
AKR20260524023500004,"김동규",SOCIETY,0,https://www.yna.co.kr/view/AKR20260524023500004,1779595936000,"한류·BTS 컴백 공연으로 '주목'…광화문광장 방문객 두 배 증가"
AKR20260524023200054,"김혜인",SOCIETY,0,https://www.yna.co.kr/view/AKR20260524023200054,1779595222000,"초당대, 교육용 경비행기 추락사고 사과…""안전관리 강화"""
AKR20260523038300004,"이미령",SOCIETY,0,https://www.yna.co.kr/view/AKR20260523038300004,1779591603000,"'전자발찌 부착기간 준수사항 어기면 형사처벌'…헌재 합헌결정"
AKR20260524018500004,"박재현",SOCIETY,0,https://www.yna.co.kr/view/AKR20260524018500004,1779589151000,"""김건희 요구로 다다미 설치""…'관저 이전 의혹' 윗선 수사 탄력"
AKR20260524013700004,"김동규",SOCIETY,0,https://www.yna.co.kr/view/AKR20260524013700004,1779588904000,"서울광장 지하공간 40년 만에 개방…K-콘텐츠 체험공간 재탄생"
AKR20260524013900004,"김동규",SOCIETY,0,https://www.yna.co.kr/view/AKR20260524013900004,1779588903000,"서울시, 내달까지 하천·계곡 불법시설·영업 특별신고기간"
AKR20260524014200004,"김동규",SOCIETY,0,https://www.yna.co.kr/view/AKR20260524014200004,1779588901000,"서울시, 복지상 후보자 공모…나눔·봉사 실천 시민 찾는다"
AKR20260524014300004,"김동규",SOCIETY,0,https://www.yna.co.kr/view/AKR20260524014300004,1779588901000,"서울시, 지역아동센터 제철과일 지원 사업 2030년까지 연장"
AKR20260524016900061,"김솔",SOCIETY,0,https://www.yna.co.kr/view/AKR20260524016900061,1779586982000,"성남서 양향자 경기도지사 후보 현수막 훼손…경찰 수사"
AKR20260524014900053,"윤관식",SOCIETY,0,https://www.yna.co.kr/view/AKR20260524014900053,1779585416000,"""나도 맛보고 즐겨볼래요""…한일 정상 사로잡은 안동 '북적'"
AKR20260524015700371,"정아란",SOCIETY,0,https://www.yna.co.kr/view/AKR20260524015700371,1779585189000,"""에볼라 사망자 급증""…세이브더칠드런, 민주콩고 긴급모금"
AKR20260522108900062,"이상학",SOCIETY,0,https://www.yna.co.kr/view/AKR20260522108900062,1779585001000,"춘천시, '사이로248 출렁다리' 편의·안전시설 보강"
AKR20260522122100061,"이영주",SOCIETY,0,https://www.yna.co.kr/view/AKR20260522122100061,1779584401000,"'군납 전지 품질조작' 아리셀·에스코넥 전 직원들 2심도 '집유'"
AKR20260524014700063,"박주영",SOCIETY,0,https://www.yna.co.kr/view/AKR20260524014700063,1779584268000,"서산 자동차 부품공장서 불…대응 1단계 발령"
AKR20260522092500057,"장영은",SOCIETY,0,https://www.yna.co.kr/view/AKR20260522092500057,1779581400000,"울산 보건 당국 ""에볼라바이러스병 예방수칙 지켜야"""
AKR20260522141600062,"이상학",SOCIETY,0,https://www.yna.co.kr/view/AKR20260522141600062,1779581400000,"춘천 고교생들, 美 세인트존스대서 고전 토론 배운다"
AKR20260522116400052,"이준영",SOCIETY,0,https://www.yna.co.kr/view/AKR20260522116400052,1779581101000,"양산성모병원 지역 응급의료기관 지정…24시간 응급진료 구축"
AKR20260522135600052,"김동민",SOCIETY,0,https://www.yna.co.kr/view/AKR20260522135600052,1779580980000,"경남교육청, '근골격계 건강지킴이 사업' 전 교직원으로 확대"
AKR20260522113400004,"이미령",SOCIETY,0,https://www.yna.co.kr/view/AKR20260522113400004,1779580802000,"대법 ""예식장 생화장식은 재화 아닌 예식용역 공급…부가세 대상"""
AKR20260523023400004,"이미령",SOCIETY,0,https://www.yna.co.kr/view/AKR20260523023400004,1779580801000,"사건관계자에 피의자 전과 알린 檢수사관…법원 ""인권침해는 아냐"""
AKR20260524003800004,"전재훈",SOCIETY,0,https://www.yna.co.kr/view/AKR20260524003800004,1779580800000,"[내일날씨] 대체공휴일 전국 곳곳 비소식…낮 최고 30도"
AKR20260522098500052,"박정헌",SOCIETY,0,https://www.yna.co.kr/view/AKR20260522098500052,1779578400000,"하동 재첩 새 맛 찾는 '섬진강 요리경연대회' 6월 13일 개최"
AKR20260522138800052,"정종호",SOCIETY,0,https://www.yna.co.kr/view/AKR20260522138800052,1779577380000,"성매매 불법 촬영·아동 성 착취물 제작 30대, 징역 5년 8개월"
AKR20260522104400060,"최재훈",SOCIETY,0,https://www.yna.co.kr/view/AKR20260522104400060,1779577205000,"퇴사에 불만…아파트 운영파일 지우고 나간 관리소장 처벌은"
AKR20260522152600004,"이밝음",SOCIETY,0,https://www.yna.co.kr/view/AKR20260522152600004,1779577201000,"건보급여로 주식·부동산…48억원 챙긴 사무장병원 적발"
AKR20260523015900062,"박영서",SOCIETY,0,https://www.yna.co.kr/view/AKR20260523015900062,1779573608000,"관리사무소 직원들에게 욕설·협박 일삼은 입주민 실형 철퇴"
AKR20260524006100063,"박주영",SOCIETY,0,https://www.yna.co.kr/view/AKR20260524006100063,1779573605000,"세종서 돈사 화재로 450마리 폐사…1억5천만원 피해"
AKR20260522146600505,"정윤주",SOCIETY,0,https://www.yna.co.kr/view/AKR20260522146600505,1779573604000,"[소셜＋] 석탄일의 '힙한' 진화… MZ 사로잡은 부처님 '생신 카페'"
AKR20260522150400004,"이미령",SOCIETY,0,https://www.yna.co.kr/view/AKR20260522150400004,1779573603000,"'한덕수 재판 위증' 윤석열, 28일 1심 선고…구형은 징역 2년"
AKR20260524005600062,"이상학",SOCIETY,0,https://www.yna.co.kr/view/AKR20260524005600062,1779573023000,"강원 내륙 낮 최고 28도…내륙·산지 짙은 안개"
AKR20260522103900051,"박성제",SOCIETY,0,https://www.yna.co.kr/view/AKR20260522103900051,1779572700000,"[빈집의 재탄생] 철거 기다리던 빈집, 외국인 유학생 보금자리로"
AKR20260524005200052,"박정헌",SOCIETY,0,https://www.yna.co.kr/view/AKR20260524005200052,1779570868000,"부산·울산·경남 가끔 구름 많아…내일 밤부터 강한 비"
AKR20260524005100056,"백나용",SOCIETY,0,https://www.yna.co.kr/view/AKR20260524005100056,1779570777000,"제주 대체로 흐림…낮 최고 23∼25도"
AKR20260522122600530,"서한기",SOCIETY,0,https://www.yna.co.kr/view/AKR20260522122600530,1779570661000,"내 병원비 마지노선 바뀐다…건보 본인부담상한제 기준 조정"
AKR20260522120800530,"이재영",SOCIETY,0,https://www.yna.co.kr/view/AKR20260522120800530,1779570542000,"서울역 주변 비둘기는 몇 마리?…""최대 351마리 관찰"""
AKR20260522092800530,"노재현",SOCIETY,0,https://www.yna.co.kr/view/AKR20260522092800530,1779570420000,"수련회·수학여행 지역 격차…대구·제주·경남 실시율 90% 넘어"
AKR20260524005000063,"박주영",SOCIETY,0,https://www.yna.co.kr/view/AKR20260524005000063,1779570379000,"대전·세종·충남 낮 기온 25∼29도…큰 일교차 주의"
AKR20260522045800057,"김근주",SOCIETY,0,https://www.yna.co.kr/view/AKR20260522045800057,1779570361000,"부부싸움 후 도시가스 호스 절단 60대 징역형 집유"
AKR20260522118900530,"김잔디",SOCIETY,0,https://www.yna.co.kr/view/AKR20260522118900530,1779570180000,"공보의 감소에 개원의 보건소 근무 허용…""의료공백 해소"""
AKR20260522123000530,"고유선",SOCIETY,0,https://www.yna.co.kr/view/AKR20260522123000530,1779570060000,"""생활습관 바꿔유""…고혈압 진단 경험률, 충남 높고 경남 낮아"
AKR20260523019600004,"김빛나",SOCIETY,0,https://www.yna.co.kr/view/AKR20260523019600004,1779570001000,"한국전쟁 당시 형 3명 군경에 학살당한 유족에 1억원 국가 배상"
AKR20260522106700002,"박수현",SOCIETY,0,https://www.yna.co.kr/view/AKR20260522106700002,1779569822000,"[코인 사기 덫①] 노년층 쌈짓돈 노린 '비상장 코인' 횡행"
AKR20260524004600053,"윤관식",SOCIETY,0,https://www.yna.co.kr/view/AKR20260524004600053,1779569212000,"대구·경북 대체로 맑음…낮 최고 20∼27도"
AKR20260524004500055,"백도인",SOCIETY,0,https://www.yna.co.kr/view/AKR20260524004500055,1779568836000,"전북 오전부터 맑아져…낮 최고 25∼28도"
AKR20260524003100034,"전국부",SOCIETY,0,https://www.yna.co.kr/view/AKR20260524003100034,1779568556000,"부처님오신날 전국 맑음…낮 최고 29도 더위"
AKR20260524003400064,"천경환",SOCIETY,0,https://www.yna.co.kr/view/AKR20260524003400064,1779568323000,"충북 대체로 맑음…낮 최고 28도"
AKR20260524002900004,"전재훈",SOCIETY,0,https://www.yna.co.kr/view/AKR20260524002900004,1779567502000,"강서구 내발산동 아파트 화재로 1명 부상…50여명 대피"
AKR20260523052151061,"이영주",SOCIETY,0,https://www.yna.co.kr/view/AKR20260523052151061,1779550448000,"하남 망월동 다가구주택서 불…1명 사망·3명 자력 대피(종합)"
AKR20260523052100061,"이영주",SOCIETY,0,https://www.yna.co.kr/view/AKR20260523052100061,1779545908000,"하남 망월동 다가구주택서 불…소방 당국 진화 중"
AKR20260523043451064,"천경환",SOCIETY,0,https://www.yna.co.kr/view/AKR20260523043451064,1779539658000,"증평 공장서 말다툼하다 동료 기사 살해한 60대 체포(종합)"
AKR20260523047700051,"김재홍",SOCIETY,0,https://www.yna.co.kr/view/AKR20260523047700051,1779535052000,"자기 몸에 불붙여 옛 연인 협박한 50대 남성 검거"
AKR20260523039200004,"유한주",SOCIETY,0,https://www.yna.co.kr/view/AKR20260523039200004,1779534000000,"[날씨] 부처님오신날 전국 맑고 나들이에 최적…제주는 흐림"
AKR20260523047100062,"류호준",SOCIETY,0,https://www.yna.co.kr/view/AKR20260523047100062,1779533237000,"'자신의 학폭 피해와 유사한 범죄 수법'…감금하고 돈 뺏은 20대"
AKR20260523044900054,"정회성",SOCIETY,0,https://www.yna.co.kr/view/AKR20260523044900054,1779528896000,"'가자지구 구호' 김아현 평화운동가, 제21회 들불상 수상"
AKR20260523044100371,"박현수",SOCIETY,0,https://www.yna.co.kr/view/AKR20260523044100371,1779528807000,"[동포의 창] 고려인 가족들 ""민속촌 처음 왔는데도 고향같았어요"""
AKR20260523045000371,"박현수",SOCIETY,0,https://www.yna.co.kr/view/AKR20260523045000371,1779528536000,"[동포의 창]  광주 고려인들, 이민자 사진 콘테스트서 잇단 수상"
AKR20260523044400061,"이영주",SOCIETY,0,https://www.yna.co.kr/view/AKR20260523044400061,1779527687000,"화성 다세대주택서 불…20대 손자 사망·80대 할머니 부상"
AKR20260523043400064,"이성민",SOCIETY,0,https://www.yna.co.kr/view/AKR20260523043400064,1779526088000,"증평 공장서 통근버스 기사가 동료 기사 흉기 살해"
AKR20260523042700004,"이미령",SOCIETY,0,https://www.yna.co.kr/view/AKR20260523042700004,1779525639000,"정성호 ""검찰권력 시대 끝내 노무현 전 대통령 의지 계승할 것"""
AKR20260523043100062,"류호준",SOCIETY,0,https://www.yna.co.kr/view/AKR20260523043100062,1779525543000,"원주서 벤츠 승용차가 건물 출입구 '쾅'…페달 오조작 추정"
AKR20260523038252054,"정다움",SOCIETY,0,https://www.yna.co.kr/view/AKR20260523038252054,1779523807000,"해남서 교육용 경비행기 임야로 추락…교육생·교관 2명 중상(종합)"
AKR20260523040100704,"이충원",SOCIETY,0,https://www.yna.co.kr/view/AKR20260523040100704,1779522663000,"언론학회장·뉴스통신진흥회 이사 지낸 박영상 한양대 명예교수 별세"
AKR20260523038251054,"정다움",SOCIETY,0,https://www.yna.co.kr/view/AKR20260523038251054,1779521100000,"[2보] 해남서 초당대학교 경비행기 추락…2명 중상"
AKR20260523038200054,"정다움",SOCIETY,0,https://www.yna.co.kr/view/AKR20260523038200054,1779520462000,"[1보] 해남서 경비행기 추락…2명 중상"
AKR20260523036100052,"이준영",SOCIETY,0,https://www.yna.co.kr/view/AKR20260523036100052,1779519008000,"'내 삶의 민주주의'…노무현 전 대통령 17주기 추도식 엄수"
AKR20260524034300063,"박주영",POLITICS,0,https://www.yna.co.kr/view/AKR20260524034300063,1779608862000,"천안서 김태흠 선거 벽보 누락…충남선관위 사과"
AKR20260524035900055,"백도인",SOCIETY,0,https://www.yna.co.kr/view/AKR20260524035900055,1779608691000,"이남호 전북교육감 후보, 학교체육 활성화 공약 발표"
AKR20260524034700055,"백도인",POLITICS,0,https://www.yna.co.kr/view/AKR20260524034700055,1779607990000,"'대통령 교감설' 놓고 민주당·김관영 전북지사 후보 신경전(종합)"
AKR20260524036700052,"박정헌",SOCIETY,0,https://www.yna.co.kr/view/AKR20260524036700052,1779609353000,"양산부산대병원 옥상 화재…60대 작업자 1명 화상"
AKR20260524037300062,"이상학",POLITICS,0,https://www.yna.co.kr/view/AKR20260524037300062,1779610459000,"우상호·김진태 후보, 부처님오신날 맞아 불심·민심 공략"
AKR20260524036500051,"손형주",POLITICS,0,https://www.yna.co.kr/view/AKR20260524036500051,1779610128000,"난타전 벌이던 북갑 후보들 불심 앞에 쉬어가며 단일화 견제구"
AKR20260524032800504,"권수현",NORTH_KOREA,1,https://www.yna.co.kr/view/AKR20260524032800504,1779609780000,"시종 냉랭했던 北 '내고향'…'적대적 두 국가' 기조 재확인"
AKR20260524034900001,"이슬기",POLITICS,0,https://www.yna.co.kr/view/AKR20260524034900001,1779609751000,"조국 ""'대부업 의혹' 김용남과 단일화? 與가 결자해지 해야"""
AKR20260524017251001,"김연정",POLITICS,0,https://www.yna.co.kr/view/AKR20260524017251001,1779610927000,"이회창 前한나라당 총재 부인 한인옥 여사 별세…향년 88세(종합)"
AKR20260524036800057,"허광무",POLITICS,0,https://www.yna.co.kr/view/AKR20260524036800057,1779610703000,"민주당 경선 중단에 진보당 강력 반발…울산시장 단일화 기로"
AKR20260524037600056,"백나용",POLITICS,0,https://www.yna.co.kr/view/AKR20260524037600056,1779610586000,"6·3 지방선거 제주지역 선거인 수 56만5천350명 확정"
AKR20260524036900017,"김주환",INDUSTRY,0,https://www.yna.co.kr/view/AKR20260524036900017,1779610888000,"'디펜딩 챔피언' 박상현, '최종병기' 이영호 꺾고 ASL 우승"
AKR20260524038400061,"김솔",SOCIETY,0,https://www.yna.co.kr/view/AKR20260524038400061,1779610625000,"용인 낙하 분수 조성 공사현장서 60대 작업자 사망…감전 추정"
AKR20260524038500030,"조민정",SOCIETY,0,https://www.yna.co.kr/view/AKR20260524038500030,1779611055000,"정용진, 26일 스타벅스 관련 재차 대국민 사과…조사결과도 발표"
AKR20260524019352001,"이슬기",POLITICS,0,https://www.yna.co.kr/view/AKR20260524019352001,1779611712000,"스타벅스 공방가열…與 ""국민분노 대변""·국힘 ""인민재판""(종합2보)"
AKR20260524019451001,"최평천",POLITICS,0,https://www.yna.co.kr/view/AKR20260524019451001,1779611236000,"與, '김용남 대부업체 의혹'에 ""소명요청…설명 들어본 뒤 판단""(종합)"
AKR20260524039600504,"권수현",NORTH_KOREA,1,https://www.yna.co.kr/view/AKR20260524039600504,1779611480000,"[북한단신] 강원도 등 각지서 원료림 수천정보 조성"
AKR20260524039800003,"김민지",INDUSTRY,1,https://www.yna.co.kr/view/AKR20260524039800003,1779611621000,"삼성전자 노사 잠정합의안 투표 셋째날…투표율 약 85%"
AKR20260524039300527,"기상뉴스",SOCIETY,0,https://www.yna.co.kr/view/AKR20260524039300527,1779611443000,"충남 서산 오존주의보 발령"
AKR20260524039200527,"기상뉴스",SOCIETY,0,https://www.yna.co.kr/view/AKR20260524039200527,1779611388000,"인천 영종·영흥권 2개 군구 오존주의보 해제"
AKR20260524040700062,"이상학",SOCIETY,0,https://www.yna.co.kr/view/AKR20260524040700062,1779611941000,"강원 설악산서 산악사고 잇따라…1명 심정지"
AKR20260524029251054,"박철홍",POLITICS,1,https://www.yna.co.kr/view/AKR20260524029251054,1779612074000,"민형배 선대위, 미래 실무형 발굴 ""성장 엔진은 결국 사람""(종합)"
AKR20260524038551030,"조민정",SOCIETY,0,https://www.yna.co.kr/view/AKR20260524038551030,1779612409000,"정용진, 26일 스타벅스 논란 직접 대국민 사과…조사결과도 발표(종합)"
AKR20260524040200530,"김잔디",SOCIETY,0,https://www.yna.co.kr/view/AKR20260524040200530,1779612309000,"내일 남부·제주부터 비…모레 전국 확대"
AKR20260524040500001,"김연정",POLITICS,1,https://www.yna.co.kr/view/AKR20260524040500001,1779613347000,"이준석 ""'GTX 중단' 정원오 인기영합주의…개혁신당에 맡겨달라"""
AKR20260524041600004,"박재현",SOCIETY,1,https://www.yna.co.kr/view/AKR20260524041600004,1779612998000,"종합특검, '도이치 수사 무마' 이창수 전 서울중앙지검장 입건"
AKR20260524042800004,"윤민혁",SOCIETY,0,https://www.yna.co.kr/view/AKR20260524042800004,1779614247000,"'대문 래커칠' 30대 남성 긴급체포…'보복대행' 연루 추정"
AKR20260522155752030,"이상서",INDUSTRY,0,https://www.yna.co.kr/view/AKR20260522155752030,1779614639000,"중기부, 스타벅스 총리표창 취소 검토…""취소요건 미부합 결론""(종합2보)"
AKR20260524029051001,"권희원",POLITICS,0,https://www.yna.co.kr/view/AKR20260524029051001,1779614616000,"장동혁 ""스벅커피 들고 투표장 가자""…인천서 '정권심판' 호소(종합)"
AKR20260524042700001,"김연정",POLITICS,0,https://www.yna.co.kr/view/AKR20260524042700001,1779614812000,"국힘, 민주·진보 울산시장 단일화 파행에 ""예견된 파국"""
AKR20260524043500527,"기상뉴스",SOCIETY,0,https://www.yna.co.kr/view/AKR20260524043500527,1779614853000,"충남 태안 오존주의보 발령…서산은 오존주의보 유지"
AKR20260524029951001,"최평천",POLITICS,1,https://www.yna.co.kr/view/AKR20260524029951001,1779615095000,"정원오, '재개발·재건축' 동남권 공략…""吳약속 안지켜 주거난""(종합)"
AKR20260524044800001,"설승은",SOCIETY,0,https://www.yna.co.kr/view/AKR20260524044800001,1779616738000,"李대통령, '中탄광 폭발'에 ""중국 국민께 깊은 애도·위로 전해"""
AKR20260522065651054,"정회성",SOCIETY,0,https://www.yna.co.kr/view/AKR20260522065651054,1779616519000,"신문기사 모방 합성물로 5·18 폄훼…경찰, 50대 여성 검거"
AKR20260524016352063,"박주영",POLITICS,0,https://www.yna.co.kr/view/AKR20260524016352063,1779617359000,"박근혜, ""대전은요"" 20년만에 대전·공주 찾아 국힘 후보 지원(종합2보)"
AKR20260524044000057,"허광무",POLITICS,0,https://www.yna.co.kr/view/AKR20260524044000057,1779617062000,"지선 D-10 울산시장 후보 단일화 여전히 핫이슈"
AKR20260524027251001,"김준태",POLITICS,1,https://www.yna.co.kr/view/AKR20260524027251001,1779616926000,"오세훈, '재개발 지연' 성동 행당7구역 찾아 ""鄭 무능·무책임""(종합)"
AKR20260524042400001,"노선웅",POLITICS,0,https://www.yna.co.kr/view/AKR20260524042400001,1779617785000,"공소취소 주제 토론회…박상용 검사 ""특검은 떴다방, 책임 안져"""
AKR20260524045100001,"고동욱",SOCIETY,0,https://www.yna.co.kr/view/AKR20260524045100001,1779617974000,"李대통령, 포천 백운계곡 방문…시민들 ""자릿세 없어 편해요"""
AKR20260524046700527,"기상뉴스",SOCIETY,0,https://www.yna.co.kr/view/AKR20260524046700527,1779618483000,"경기 남부권 5개 시 오존주의보 발령…중부권은 오존주의보 해제"
AKR20260524046200004,"윤민혁",SOCIETY,0,https://www.yna.co.kr/view/AKR20260524046200004,1779618291000,"경찰 ""5·18 허위 유포 계정 37개 내사…240건 삭제차단 요청"""
AKR20260524047000054,"정다움",POLITICS,0,https://www.yna.co.kr/view/AKR20260524047000054,1779618770000,"광주서 지방선거 후보자 현수막 훼손 60대 여성 검거"
AKR20260524047100004,"박재현",SOCIETY,0,https://www.yna.co.kr/view/AKR20260524047100004,1779618835000,"법무부 신임 감찰관에 '종합특검 파견' 강남수 검사 내정"
AKR20260524046800527,"기상뉴스",SOCIETY,0,https://www.yna.co.kr/view/AKR20260524046800527,1779618804000,"충남 서산·태안 오존주의보 해제"
AKR20260524047200061,"최해민",POLITICS,0,https://www.yna.co.kr/view/AKR20260524047200061,1779619293000,"양향자 ""남성 청년도 HPV 무료 백신…AI·OTT 복지 지원"""
AKR20260524045700017,"김주환",INDUSTRY,0,https://www.yna.co.kr/view/AKR20260524045700017,1779620161000,"스타벅스 불매 여파에…카톡 선물하기 순위 급락"
AKR20260523049200371,"박현수",INDUSTRY,0,https://www.yna.co.kr/view/AKR20260523049200371,1779620129000,"[K-People] 로봇스님 '가비' 기획한 성원스님 ""불교는 늘 최첨단 기술 선도"""
AKR20260524038300004,"윤민혁",SOCIETY,0,https://www.yna.co.kr/view/AKR20260524038300004,1779620401000,"[날씨] 대체공휴일 전국 흐리고 곳곳 비…낮 최고기온 '30도'"
AKR20260524025851001,"이슬기",POLITICS,0,https://www.yna.co.kr/view/AKR20260524025851001,1779621190000,"""무소속 안돼"" 鄭, 전남 돌며 표심 구애…""기호 1번 몰아달라""(종합)"
AKR20260524048100063,"박주영",SOCIETY,0,https://www.yna.co.kr/view/AKR20260524048100063,1779620824000,"박수현 충남지사 후보측, '의혹제기' 국힘 장동혁 대표 고발"
AKR20260524048600061,"김솔",SOCIETY,0,https://www.yna.co.kr/view/AKR20260524048600061,1779621359000,"경찰, '차명 대부업체 운영 의혹' 김용남 후보 고발사건 수사"
AKR20260524049200061,"김솔",SOCIETY,1,https://www.yna.co.kr/view/AKR20260524049200061,1779622574000,"양평서 승용차가 전신주 들이받아…노부부 사상"
AKR20260524049100527,"기상뉴스",SOCIETY,0,https://www.yna.co.kr/view/AKR20260524049100527,1779622507000,"경기 남부권 5개 시 오존주의보 해제"
AKR20260524014752063,"박주영",SOCIETY,0,https://www.yna.co.kr/view/AKR20260524014752063,1779622491000,"서산 자동차 부품공장서 불…10시간만에 초진(종합2보)"
AKR20260524049400062,"이상학",INDUSTRY,0,https://www.yna.co.kr/view/AKR20260524049400062,1779623293000,"춘천 엘리시안강촌 '숲속빵시장' 흥행…하루 2만5천명 몰려"
AKR20260524020851001,"노선웅",POLITICS,1,https://www.yna.co.kr/view/AKR20260524020851001,1779623896000,"진보·보수진영 집안싸움…평택을·부산 북갑 단일화 막판 변수(종합)"
AKR20260524049700061,"김솔",SOCIETY,0,https://www.yna.co.kr/view/AKR20260524049700061,1779624878000,"평택서 선거사무원·경찰관 폭행한 40대 유튜버 체포돼"
AKR20260524050100004,"윤민혁",SOCIETY,0,https://www.yna.co.kr/view/AKR20260524050100004,1779625486000,"경찰, '5·18 탱크데이 논란' 정용진 고발 절차상 피의자 입건"
AKR20260524049600001,"설승은",ECONOMY,0,https://www.yna.co.kr/view/AKR20260524049600001,1779625759000,"김용범 ""고금리·고물가·고환율, 위기전조 아닌 도약의 마찰음"""
AKR20260524050400052,"박영민",SOCIETY,1,https://www.yna.co.kr/view/AKR20260524050400052,1779626970000,"""드라마 속 한 장면""…K-불꽃쇼 함안낙화놀이에 5천800여명 환호"
AKR20260525006700504,"권수현",NORTH_KOREA,0,https://www.yna.co.kr/view/AKR20260525006700504,1779663444000,"[북한날씨] 대체로 흐림…""서해안 안개 경보"""
AKR20260525006200504,"권수현",NORTH_KOREA,0,https://www.yna.co.kr/view/AKR20260525006200504,1779663333000,"북, 6월하순 당전원회의…당대회·개헌후속 대남·대외정책 주목"
AKR20260525003900504,"권수현",NORTH_KOREA,0,https://www.yna.co.kr/view/AKR20260525003900504,1779659837000,"김정은, 시진핑에 '탄광 폭발' 위로전문…""깊은 위문"""
AKR20260524021500008,"김유아",INDUSTRY,0,https://www.yna.co.kr/view/AKR20260524021500008,1779661500000,"외인, 지난주 '삼전닉스' 10조 순매도…로봇·ESS는 샀다"
AKR20260522115600008,"김태종",ECONOMY,0,https://www.yna.co.kr/view/AKR20260522115600008,1779661200000,"이번엔 'K-ETF' 열풍?…하반기 홍콩·美 시장서 ETF 추가 상장"
AKR20260523029000008,"이민영",ECONOMY,0,https://www.yna.co.kr/view/AKR20260523029000008,1779660901000,"코스피 일평균 거래대금 첫 40조 돌파…'손바뀜'은 줄어"
AKR20260522131300008,"김태종",ECONOMY,0,https://www.yna.co.kr/view/AKR20260522131300008,1779660600000,"""삼전닉스 레버리지 이벤트 안돼"" 당국 경고에 운용사들 계획 철회"
AKR20260521072000546,"윤선희",ECONOMY,0,https://www.yna.co.kr/view/AKR20260521072000546,1779660422000,"[머니톡스] 전쟁과 금리…1970년대 악몽 돌아오나"
AKR20260523025100008,"김유향",INDUSTRY,0,https://www.yna.co.kr/view/AKR20260523025100008,1779660121000,"'한국판 골드만삭스' 노리는 증권업계, 모험자본 투자 경쟁"
AKR20260525003600003,"임기창",ECONOMY,0,https://www.yna.co.kr/view/AKR20260525003600003,1779659593000,"다주택자 매물 풀린 석달간 경기도 집 산 서울시민 1만1천명"
AKR20260523050900002,"김지연",INDUSTRY,0,https://www.yna.co.kr/view/AKR20260523050900002,1779656463000,"금주 단일종목 레버리지 출시…증시 변동성 속 당국 노심초사"
AKR20260522131800530,"옥성구",SOCIETY,0,https://www.yna.co.kr/view/AKR20260522131800530,1779656403000,"내년 최저임금, 노사 줄다리기 본격화…6월초 최초 요구안 전망"
AKR20260523050600004,"이의진",SOCIETY,0,https://www.yna.co.kr/view/AKR20260523050600004,1779656400000,"삼성전자·하이닉스 직원들, 결혼시장선 이제 '변호사급' 상향"
AKR20260522141400002,"임지우",ECONOMY,0,https://www.yna.co.kr/view/AKR20260522141400002,1779656341000,"한은 3천만원 '이창용 초상화' 제작…부총재 갤러리도 새로 조성"
AKR20260523045300002,"강류나",ECONOMY,0,https://www.yna.co.kr/view/AKR20260523045300002,1779656221000,"""스벅 제휴 겨우 성사됐는데""…카드업계 '탱크데이' 사태에 당혹"
AKR20260522046600002,"박수현",ECONOMY,0,https://www.yna.co.kr/view/AKR20260522046600002,1779656101000,"가상자산 거래소 매출 99％가 수수료…거래 줄자 실적 뚝"
AKR20260523043200002,"배영경",SOCIETY,0,https://www.yna.co.kr/view/AKR20260523043200002,1779655980000,"사기·횡령 등 금융사고 6년여간 1조 넘었다…""작년 역대 최대"""
AKR20260524001600002,"김수현",ECONOMY,0,https://www.yna.co.kr/view/AKR20260524001600002,1779655862000,"담합 잡는 자진신고제, 재발까진 못막아…비공개 탓 밀실 논란도"
AKR20260524030300002,"이세원",ECONOMY,0,https://www.yna.co.kr/view/AKR20260524030300002,1779655862000,"공정위, 주병기 취임 후 담합과징금 291억원 '자진신고 등' 감면"
AKR20260522115100054,"정회성",SOCIETY,0,https://www.yna.co.kr/view/AKR20260522115100054,1779665461000,"한전, 광주시 상대 '공공도로' 반환 요구 소송 패소"
AKR20260525010000030,"이상서",INDUSTRY,0,https://www.yna.co.kr/view/AKR20260525010000030,1779665445000,"GS더프레시, '단기 비육 한우' 행사…""일반 한우 대비 50% 저렴"""
AKR20260522103800055,"김진방",SOCIETY,0,https://www.yna.co.kr/view/AKR20260522103800055,1779663602000,"농진청, 7월까지 매주 수요일 '과수화상병 예찰의 날' 지정"
AKR20260523040900030,"정수연",SOCIETY,0,https://www.yna.co.kr/view/AKR20260523040900030,1779662960000,"'아이에 아낌없이 쓴다'…출생률 반등에 아동용품 매출도 급등"
AKR20260525006500051,"김선호",SOCIETY,0,https://www.yna.co.kr/view/AKR20260525006500051,1779662872000,"[부산소식] 바다의 날 기념 영도서 해양환경 정화활동"
AKR20260522132000017,"조승한",SOCIETY,0,https://www.yna.co.kr/view/AKR20260522132000017,1779662700000,"""국립만 살아남나""…과학관 양극화 더 커졌다"
AKR20260524029800005,"고미혜",INDUSTRY,0,https://www.yna.co.kr/view/AKR20260524029800005,1779661320000,"AI에 위안 얻는 시대…인간과 AI 바람직한 공존 모색하는 종교계"
AKR20260522081400065,"최은지",SOCIETY,0,https://www.yna.co.kr/view/AKR20260522081400065,1779661020000,"인천신항, 화물차주차장 230면 추가 조성…'주차난 해소' 기대"
AKR20260520190600017,"유현민",INDUSTRY,0,https://www.yna.co.kr/view/AKR20260520190600017,1779659101000,"OTT가 방송 넘어섰는데…규제는 여전히 TV 시대"
AKR20260522132300017,"조승한",SOCIETY,0,https://www.yna.co.kr/view/AKR20260522132300017,1779658381000,"공공연 박사 초봉 4천만원대…기업과 격차 커졌다"
AKR20260522148200003,"홍규빈",INDUSTRY,0,https://www.yna.co.kr/view/AKR20260522148200003,1779657421000,"'아틀라스 도입' 현대차그룹, 공장 자동화·로봇부품 조직 신설"
AKR20260522093700530,"이재영",SOCIETY,0,https://www.yna.co.kr/view/AKR20260522093700530,1779656822000,"재활용률 낮은 EPR 품목, 폐기물부담금 재부과 검토"
AKR20260524040800030,"홍국기",INDUSTRY,0,https://www.yna.co.kr/view/AKR20260524040800030,1779656464000,"유권자 187만명·선거비 수백억원…'농협직선제' 뭐가 달라지나"
AKR20260522157500003,"조성흠",SOCIETY,0,https://www.yna.co.kr/view/AKR20260522157500003,1779656463000,"대화 물꼬 이재용 상생 리더십…정부와 벼랑끝서 파업 막아"
AKR20260524024600030,"조민정",INDUSTRY,0,https://www.yna.co.kr/view/AKR20260524024600030,1779656401000,"롯데온, 헤어·뷰티 디바이스 모은 '뷰티테크 페스타' 개최"
AKR20260524036200030,"조민정",INDUSTRY,0,https://www.yna.co.kr/view/AKR20260524036200030,1779656401000,"롯데아울렛·롯데몰, 상반기 최대 할인 '서프라이스 위크' 개최"
AKR20260523049000017,"오지은",SOCIETY,0,https://www.yna.co.kr/view/AKR20260523049000017,1779655501000,"카카오 노사 이번주 최대 고비…IT 업계 촉각"
AKR20260523000600003,"임성호",SOCIETY,0,https://www.yna.co.kr/view/AKR20260523000600003,1779654680000,"삼성전자 연봉, 보통 회사원 14배?…'K자 양극화' 더 커진다"
AKR20260522153800003,"강태우",SOCIETY,0,https://www.yna.co.kr/view/AKR20260522153800003,1779654671000,"""우린 삼성후자냐"" 불만 임계점…계열사도 성과급 요구 예고"
AKR20260522147600505,"최현석",INDUSTRY,0,https://www.yna.co.kr/view/AKR20260522147600505,1779654601000,"[OK제보] ""나도 모르게 내 얼굴이 유튜브에""…지선 후보들 계정서 무방비 노출"
AKR20260525008900065,"홍현기",SOCIETY,0,https://www.yna.co.kr/view/AKR20260525008900065,1779665547000,"여름철 자연재난 대비…인천시, 농축산 재해 예방책 시행"
AKR20260522132400052,"정종호",SOCIETY,0,https://www.yna.co.kr/view/AKR20260522132400052,1779664081000,"누범기간 실내 흡연 시비로 흉기 위협 60대, 징역 6개월 선고"
AKR20260522064200056,"전지혜",SOCIETY,0,https://www.yna.co.kr/view/AKR20260522064200056,1779663903000,"""여행하며 자원순환 실천"" 제주 그린로드 여행사 모집"
AKR20260523043700371,"정아란",SOCIETY,0,https://www.yna.co.kr/view/AKR20260523043700371,1779663601000,"'도마의 신' 양학선…도움받던 소년서 아이들 돕는 홍보대사로"
AKR20260522084600052,"박영민",SOCIETY,0,https://www.yna.co.kr/view/AKR20260522084600052,1779661801000,"함안군수 선거 화두 된 '창원·함안 행정통합'…여야 후보 공방"
AKR20260522111300063,"강수환",SOCIETY,0,https://www.yna.co.kr/view/AKR20260522111300063,1779661801000,"""여자들 성매매 용돈벌이""…대학교수, 강의 중 성희롱 발언 논란"
AKR20260523016100062,"박영서",SOCIETY,0,https://www.yna.co.kr/view/AKR20260523016100062,1779660008000,"후임병 성적 접촉한 선임병…'진술 신빙성'이 가른 유무죄"
AKR20260522130100054,"장아름",SOCIETY,0,https://www.yna.co.kr/view/AKR20260522130100054,1779660005000,"""야자·0교시 어떻게?"" 전남광주 교육감후보 학교교육 정책 대결"
AKR20260524015200004,"이승연",SOCIETY,0,https://www.yna.co.kr/view/AKR20260524015200004,1779660003000,"'감사원 직원평가 부당 개입' 유병호, 고발장 공개 소송 패소"
AKR20260524034800004,"이승연",SOCIETY,0,https://www.yna.co.kr/view/AKR20260524034800004,1779660002000,"""팀장님은 결재나 하세요"" 하극상 경찰…법원 ""감봉 정당"""
AKR20260521140200011,"이진주",SOCIETY,0,https://www.yna.co.kr/view/AKR20260521140200011,1779660001000,"[샷!] ""헛디디면 죽을 것 같다"""
AKR20260522167100004,"전재훈",SOCIETY,0,https://www.yna.co.kr/view/AKR20260522167100004,1779659700000,"경찰, 김병기 '14번째 의혹' 수사 착수…결국 지방선거 넘어가나"
AKR20260525003700062,"이재현",SOCIETY,0,https://www.yna.co.kr/view/AKR20260525003700062,1779658313000,"강원 내륙 낮 기온 30도까지 올라…일교차 커 '건강 유의'"
AKR20260518147900518,"김은경",SOCIETY,0,https://www.yna.co.kr/view/AKR20260518147900518,1779658201000,"[팩트체크] 지역마다 투표용지 수 다르다고?…기본 7장이지만 4장 받는 곳도"
AKR20260525003500053,"최수호",SOCIETY,0,https://www.yna.co.kr/view/AKR20260525003500053,1779657777000,"대구·경북 오전부터 구름 많아져…곳에 따라 소나기"
AKR20260525003400063,"김준호",SOCIETY,0,https://www.yna.co.kr/view/AKR20260525003400063,1779657560000,"대전·세종·충남 맑고 오후 한때 소나기…낮 최고 27∼31도"
AKR20260525003300057,"김근주",SOCIETY,0,https://www.yna.co.kr/view/AKR20260525003300057,1779657474000,"부산·울산·경남, 곳에 따라 빗방울…낮 최고 25∼28도"
AKR20260524006800004,"김동규",SOCIETY,0,https://www.yna.co.kr/view/AKR20260524006800004,1779657302000,"[생각해봅시다] ① 초대형 선거 현수막 난립…폐현수막 5천t 예상"
AKR20260523034900004,"김채린",SOCIETY,0,https://www.yna.co.kr/view/AKR20260523034900004,1779657301000,"[생각해봅시다] ② 나무 21만 그루 분량 공보물, 10명 중 1명만 정독"
AKR20260524049800004,"윤민혁",SOCIETY,0,https://www.yna.co.kr/view/AKR20260524049800004,1779657301000,"[생각해봅시다] ③ 학교 운동회도 시끄럽다더니…선거 확성기·스팸 전화"
AKR20260525002900055,"정경재",SOCIETY,0,https://www.yna.co.kr/view/AKR20260525002900055,1779657176000,"전북 흐리고 오후에는 소나기…낮 기온 25∼29도"
AKR20260525002800064,"박건영",SOCIETY,0,https://www.yna.co.kr/view/AKR20260525002800064,1779656913000,"충북 구름 많고 곳곳 소나기…낮 최고 27~30도"
AKR20260522061200057,"김근주",SOCIETY,0,https://www.yna.co.kr/view/AKR20260522061200057,1779656760000,"건설폐토석 1천t 불법 매립 환경업체 대표 벌금 1천만원 선고"
AKR20260524036300530,"김영신",SOCIETY,0,https://www.yna.co.kr/view/AKR20260524036300530,1779656701000,"""지역거주자 도보 5분 집근처 생활인프라 좋아야 이주의향↓"""
AKR20260522132200530,"김잔디",SOCIETY,0,https://www.yna.co.kr/view/AKR20260522132200530,1779656580000,"10∼20대 자살·자해 14명 중 1명 두 달 이내 '재시도'"
AKR20260522121200053,"황수빈",SOCIETY,0,https://www.yna.co.kr/view/AKR20260522121200053,1779656404000,"보이스피싱 피해금 43억원 가상화폐 세탁한 일당 징역형"
AKR20260522081700371,"박현수",SOCIETY,0,https://www.yna.co.kr/view/AKR20260522081700371,1779656402000,"[다문화 3.0] ""다문화 친구들, 자신감 갖고 도전하면 꿈 이룰 수 있어"""
AKR20260523036800530,"오보람",SOCIETY,0,https://www.yna.co.kr/view/AKR20260523036800530,1779656342000,"[서울교육감 8파전] ② 청소년자산 펀드·학원 총량제…이색정책 '눈길'"
AKR20260523031300530,"노재현",SOCIETY,0,https://www.yna.co.kr/view/AKR20260523031300530,1779656341000,"[서울교육감 8파전] ① 사교육비 경감·AI·교권회복 내세워 '구애'"
AKR20260524051700004,"최원정",SOCIETY,0,https://www.yna.co.kr/view/AKR20260524051700004,1779656100000,"'법기술자 무풍지대' 무너져야…고문·조작 검사도 훈장 박탈"
AKR20260525002200056,"고성식",SOCIETY,0,https://www.yna.co.kr/view/AKR20260525002200056,1779655471000,"제주, 흐리고 곳에 따라 비…오후부터 강풍"
AKR20260525001700004,"유한주",SOCIETY,0,https://www.yna.co.kr/view/AKR20260525001700004,1779654121000,"부처님오신날 대체공휴일 곳곳 소나기…남해안·제주 비"
AKR20260525010400001,"김정진",POLITICS,0,https://www.yna.co.kr/view/AKR20260525010400001,1779666086000,"李대통령 지지도, 59.3%로 소폭 하락…민주 47.5%·국힘 33.3%[리얼미터]"
AKR20260525009700053,"최수호",POLITICS,0,https://www.yna.co.kr/view/AKR20260525009700053,1779665229000,"6·3지방선거 경북지역 선거인수 220만2천861명 확정"
AKR20260525006400051,"김선호",POLITICS,0,https://www.yna.co.kr/view/AKR20260525006400051,1779662800000,"부산시, 임진왜란 434주년 순국선열 기리는 충렬사 제향 봉행"
AKR20260522091600053,"윤관식",POLITICS,0,https://www.yna.co.kr/view/AKR20260522091600053,1779660083000,"대구 수성구청장 '바꿔 보자' 박정권 vs '3선 도전' 김대권"
AKR20260524049500001,"노선웅",POLITICS,0,https://www.yna.co.kr/view/AKR20260524049500001,1779660000000,"[오늘의 국회일정](25일·월)"
AKR20260524048800001,"노선웅",POLITICS,0,https://www.yna.co.kr/view/AKR20260524048800001,1779652805000,"장동혁 TK·송언석 충남行…'지방선거 D-9' 투트랙 유세 고삐"
AKR20260524051100001,"정연솔",POLITICS,0,https://www.yna.co.kr/view/AKR20260524051100001,1779652803000,"與, 전북·충청권 투트랙 집중 유세…지방선거 D-9 총력전"
AKR20260524044600063,"양영석",POLITICS,0,https://www.yna.co.kr/view/AKR20260524044600063,1779631801000,"세종시장 후보 토론서 '해수부 부산이전·조작기소 특검' 난타전"
AKR20260522069900052,"김선경",SOCIETY,0,https://www.yna.co.kr/view/AKR20260522069900052,1779665701000,"창원시, 여름철 수온 상승 대비해 수질검사 횟수·항목 확대"
AKR20260522111900052,"박정헌",SOCIETY,0,https://www.yna.co.kr/view/AKR20260522111900052,1779665701000,"남해 해안·산악 능선 달리는 '런투씨' 내달 5∼6일 개최"
AKR20260525009100062,"이재현",SOCIETY,0,https://www.yna.co.kr/view/AKR20260525009100062,1779665611000,"영월 자동차 정비소에서 불…신고 후 진화 나선 60대 화상"
AKR20260525011600051,"김선호",POLITICS,0,https://www.yna.co.kr/view/AKR20260525011600051,1779666370000,"부산 후보들 연휴 마지막날 전통시장 등 돌며 한표 호소"
AKR20260522079300052,"이정훈",POLITICS,0,https://www.yna.co.kr/view/AKR20260522079300052,1779666300000,"'어게인 2018' vs '전역 싹쓸이'…민주·국힘, 경남 선거 사활"
AKR20260525011700002,"이대희",ECONOMY,0,https://www.yna.co.kr/view/AKR20260525011700002,1779666456000,"임광현 국세청장 ""법인 슈퍼카 사적사용은 탈세""…세무조사 예고"
AKR20260525011900030,"이상서",INDUSTRY,0,https://www.yna.co.kr/view/AKR20260525011900030,1779666596000,"세븐일레븐, '올 뉴 김밥 라인업' 선봬…수분 보존 기술 적용"
AKR20260522130900061,"이우성",POLITICS,0,https://www.yna.co.kr/view/AKR20260522130900061,1779667205000,"李대통령 '정치적 고향' 성남…민주 '탈환' vs 국힘 '수성' 사활"
AKR20260525009300003,"장보인",INDUSTRY,0,https://www.yna.co.kr/view/AKR20260525009300003,1779667201000,"코트라·농업정책보험금융원, 베트남에 'K푸드 사절단'"
AKR20260522041600055,"정경재",SOCIETY,0,https://www.yna.co.kr/view/AKR20260522041600055,1779667208000,"'의처증 때문에'…설날에 아내 찔러 살해한 80대, 징역 12년"
AKR20260522025200064,"김형우",SOCIETY,0,https://www.yna.co.kr/view/AKR20260522025200064,1779667206000,"빈소 없이 마지막 길…청주 무연고 사망 5년간 46.7% 증가"
AKR20260522125200530,"오보람",SOCIETY,0,https://www.yna.co.kr/view/AKR20260522125200530,1779667205000,"서울시교육청, 조리실무사 566명 신규 채용"
AKR20260524021200004,"이승연",SOCIETY,0,https://www.yna.co.kr/view/AKR20260524021200004,1779667203000,"부친 집앞에 치사량 메탄올 탄 소주병 둔 아들…""특수협박 아냐"""
AKR20260524022300530,"고상민",SOCIETY,0,https://www.yna.co.kr/view/AKR20260524022300530,1779667203000,"글로컬대학 성과평가, 유튜브 생중계한다…""공정·투명성 확보"""
AKR20260524022400530,"고상민",SOCIETY,0,https://www.yna.co.kr/view/AKR20260524022400530,1779667202000,"충남대, 우즈벡 타슈켄트에 한국어교육센터 개소"
AKR20260525004200004,"유한주",SOCIETY,0,https://www.yna.co.kr/view/AKR20260525004200004,1779667201000,"[내일날씨] 전국 강한 비…남부지역 200㎜ 이상 폭우 주의"
AKR20260525005900004,"이동환",SOCIETY,0,https://www.yna.co.kr/view/AKR20260525005900004,1779667201000,"속도제한장치 몰래 풀고 '쌩쌩' 화물차…경찰 집중단속"
AKR20260522137200052,"김동민",SOCIETY,0,https://www.yna.co.kr/view/AKR20260522137200052,1779667381000,"경남교육청, 지역업체 제품 우선 구매로 지역 경제 활성화 지원"
AKR20260525012800030,"이상서",SOCIETY,0,https://www.yna.co.kr/view/AKR20260525012800030,1779667301000,"[게시판] 롯데월드, 서울 삼전 지역아동센터에 '드림티켓' 후원"
AKR20260525014000527,"기상뉴스",SOCIETY,0,https://www.yna.co.kr/view/AKR20260525014000527,1779667542000,"제주도 산지에 호우주의보"
AKR20260522094700057,"장영은",SOCIETY,0,https://www.yna.co.kr/view/AKR20260522094700057,1779667801000,"울주군, 어린이집 교직원 200명 대상 디지털 문해력 교육"
AKR20260525012200053,"박세진",POLITICS,0,https://www.yna.co.kr/view/AKR20260525012200053,1779668378000,"예측불허 대구시장 선거…부동층·실언 등 돌발악재 변수될듯"
AKR20260525014900053,"최수호",INDUSTRY,0,https://www.yna.co.kr/view/AKR20260525014900053,1779668487000,"대구시, 미래산업 선도할 2026년 신규 스타기업 모집"
AKR20260525013600004,"이미령",SOCIETY,0,https://www.yna.co.kr/view/AKR20260525013600004,1779668495000,"김건희, 뒤늦게 '바쉐론 시계값' 잔금 2천900만원 지급"
AKR20260525010451001,"김정진",POLITICS,0,https://www.yna.co.kr/view/AKR20260525010451001,1779668995000,"李대통령 지지도 59.3%, 소폭↓…""삼전 성과급·보수결집 영향""[리얼미터](종합)"
AKR20260525017200054,"손상원",POLITICS,0,https://www.yna.co.kr/view/AKR20260525017200054,1779669637000,"광양 선거 유세 중 후보들 '엎드려뻗쳐'…민주당 ""깊이 사과"""
AKR20260525016400001,"박수윤",POLITICS,0,https://www.yna.co.kr/view/AKR20260525016400001,1779669618000,"개혁신당 ""양향자, 학력위조 허위공표""…梁 ""억지 주장"""
AKR20260525015900001,"김연정",POLITICS,0,https://www.yna.co.kr/view/AKR20260525015900001,1779669461000,"장동혁 ""與, 이번 선거엔 스타벅스로 죽창가…국민이 심판해야"""
AKR20260525016200056,"고성식",POLITICS,0,https://www.yna.co.kr/view/AKR20260525016200056,1779669121000,"제주 지선 후보들, 곳곳 돌며 민생 탐방…세몰이 경쟁"
AKR20260525011100003,"김보경",INDUSTRY,0,https://www.yna.co.kr/view/AKR20260525011100003,1779669297000,"'불황엔 경차' 인기 오른다…작년 역대 최소 찍고 올해 반등"
AKR20260525016500030,"이상서",INDUSTRY,0,https://www.yna.co.kr/view/AKR20260525016500030,1779669276000,"롯데, 스페인서 '브랜드 엑스포'…국내 우수 中企 50곳 참가"
AKR20260525017600030,"이상서",SOCIETY,0,https://www.yna.co.kr/view/AKR20260525017600030,1779669739000,"쿠팡풀필먼트서비스, 진해 홀몸어르신에 '동행꾸러미' 전달"
AKR20260525017700504,"민선희",POLITICS,0,https://www.yna.co.kr/view/AKR20260525017700504,1779669986000,"한-싱가포르 외교장관회담 28일 개최…한반도 정세 등 논의"
